name	url	queried_at	http	bytes	sha256
10li	https://nds.iaea.org/relnsd/v1/data?fields=levels&nuclides=10li	2026-10-02T13:50:06+09:00	200	2263	2f9a027fc5e591397d5126d1f188a0474735b9b8b09ed979bb91fff96e3f6b38
12be	https://nds.iaea.org/relnsd/v1/data?fields=levels&nuclides=12be	2026-10-02T13:50:09+09:00	200	4226	a181003b133ffcdb4909838af3f58fcd22a67a1a600588213c296c606e89e16f
13be	https://nds.iaea.org/relnsd/v1/data?fields=levels&nuclides=13be	2026-10-02T13:50:11+09:00	200	1994	99971235a6b1a58d6b5a8e7a85863b53fa8f7b4e202713df216cbdfd3dfafac7
14be	https://nds.iaea.org/relnsd/v1/data?fields=levels&nuclides=14be	2026-10-02T13:50:13+09:00	200	427	b6b64501368b2778ce07b49393b654a7b06904ba98922e42d375864088342ad0
11n	https://nds.iaea.org/relnsd/v1/data?fields=levels&nuclides=11n	2026-10-02T13:50:15+09:00	200	1407	ad018a68b2412fe16217a5a2149c5001f03d2330028eae568fe8014e6daf9be5
16n	https://nds.iaea.org/relnsd/v1/data?fields=levels&nuclides=16n	2026-10-02T13:50:17+09:00	200	11157	5fcdf2c2687f84500c5c252cfbe4882b658e7f76170be37949f0c64ae31fe142
16o	https://nds.iaea.org/relnsd/v1/data?fields=levels&nuclides=16o	2026-10-02T13:50:20+09:00	200	24401	85dd902631330a8182e171dccc5e9033118ebafa2af187ec96afb8c5c65d546e
18f	https://nds.iaea.org/relnsd/v1/data?fields=levels&nuclides=18f	2026-10-02T13:50:23+09:00	200	15282	143cbf6da42b005943e5493f2fd5895e3198be7c4477e1364dd72e574de61f7e
26f	https://nds.iaea.org/relnsd/v1/data?fields=levels&nuclides=26f	2026-10-02T13:50:24+09:00	200	749	7b0c3dbba84148155263cf616459bae07c6da131fd896114f41016b84d3a5838
22na	https://nds.iaea.org/relnsd/v1/data?fields=levels&nuclides=22na	2026-10-02T13:50:27+09:00	200	17598	70c0c18ea2f0e736b18c418dac26e202536627316412a89d4a39a4c313612d3f
24na	https://nds.iaea.org/relnsd/v1/data?fields=levels&nuclides=24na	2026-10-02T13:50:29+09:00	200	15210	225bb01620b376f1a0bc46de3b936dc68438772a25d732e063d799b97b7f07d1
26na	https://nds.iaea.org/relnsd/v1/data?fields=levels&nuclides=26na	2026-10-02T13:50:32+09:00	200	4862	2fd284a7cc8ad2fcb6a1805a4af85866b57fe7616d1df72a8f45964ac9ab903c
24al	https://nds.iaea.org/relnsd/v1/data?fields=levels&nuclides=24al	2026-10-02T13:50:34+09:00	200	8021	21b550f6012a7af08c14635251e76cddb3e6b43f031efea17f3f2610cc15174e
26al	https://nds.iaea.org/relnsd/v1/data?fields=levels&nuclides=26al	2026-10-02T13:50:36+09:00	200	28051	b6ddca7a4784809f5d14d02821f557cce9eddb3ea865f96eb582d823bfae4a9b
32al	https://nds.iaea.org/relnsd/v1/data?fields=levels&nuclides=32al	2026-10-02T13:50:38+09:00	200	1139	078376a1acf50c07ad4ba2588237972e0710ae43c3071c53704466e9492ee78a
34al	https://nds.iaea.org/relnsd/v1/data?fields=levels&nuclides=34al	2026-10-02T13:50:40+09:00	200	552	62ee415ce9eaab1e924c27f5f72dd7d4315dad519348b5fc53fb284bc52e4af8
28si	https://nds.iaea.org/relnsd/v1/data?fields=levels&nuclides=28si	2026-10-02T13:50:43+09:00	200	39435	01dd7621ad600aff296250c86abb77d741973c54e998221ee9f1bc3f99d2ca06
34si	https://nds.iaea.org/relnsd/v1/data?fields=levels&nuclides=34si	2026-10-02T13:50:45+09:00	200	1383	8d7e6551212bcf26f23742dd6c64db3455c6469003974eb1aba0ea833914432d
26p	https://nds.iaea.org/relnsd/v1/data?fields=levels&nuclides=26p	2026-10-02T13:50:47+09:00	200	570	c4f2b99322db9bd1deca3b2b220d12b8335798422631419434e63198eb5cf0af
43s	https://nds.iaea.org/relnsd/v1/data?fields=levels&nuclides=43s	2026-10-02T13:50:49+09:00	200	896	00f39e6c140b39fba9a927ff7d6ec4f6a0a653dd2abeefe79a9c45720a416709
44s	https://nds.iaea.org/relnsd/v1/data?fields=levels&nuclides=44s	2026-10-02T13:50:50+09:00	200	1588	08d92e6fc0390398457900c5e9bed2761f4c0467fb04575b4f3a475b4780aaae
34cl	https://nds.iaea.org/relnsd/v1/data?fields=levels&nuclides=34cl	2026-10-02T13:50:54+09:00	200	42990	8c5b9902fe34cdd412d017c4261a494c8cfdf76fce9330a00a945409030bb376
38cl	https://nds.iaea.org/relnsd/v1/data?fields=levels&nuclides=38cl	2026-10-02T13:50:56+09:00	200	8263	8882b8bb6363eff6149aecb7af550e95649caf3cd836d373787da725fccfea17
32k	https://nds.iaea.org/relnsd/v1/data?fields=levels&nuclides=32k	2026-10-02T13:50:59+09:00	200	2	9a271f2a916b0b6ee6cecb2426f0b3206ef074578be55d9bc94f6f3fe3ab86aa
38k	https://nds.iaea.org/relnsd/v1/data?fields=levels&nuclides=38k	2026-10-02T13:51:02+09:00	200	9408	e14b72f12f62950f813fca8331ecc165445a0e76cffa35093f2d59c4bbe5622d
40k	https://nds.iaea.org/relnsd/v1/data?fields=levels&nuclides=40k	2026-10-02T13:51:05+09:00	200	18909	e0586dc3f27dc718c7e8a115024b4042f35b09dffef37cab157f240126ed7381
43k	https://nds.iaea.org/relnsd/v1/data?fields=levels&nuclides=43k	2026-10-02T13:51:07+09:00	200	8292	59c8c6cc20b1f30dac3ec8608fd1d1c6a5082da30377e4a5eb460044273cd00a
50k	https://nds.iaea.org/relnsd/v1/data?fields=levels&nuclides=50k	2026-10-02T13:51:08+09:00	200	751	3ac7db059f129f134aa521c4f3604377c95cb5ecce3b05d19931addfdd1c481d
38sc	https://nds.iaea.org/relnsd/v1/data?fields=levels&nuclides=38sc	2026-10-02T13:51:10+09:00	200	380	67acd2ffb312718ca0c9cfc89011aefbc443f6ea4692fefafbf6ab64a17cb4a7
41sc	https://nds.iaea.org/relnsd/v1/data?fields=levels&nuclides=41sc	2026-10-02T13:51:13+09:00	200	25138	57b3025fbae21a6c3dee68b6057f1d0458d7996258b62a732a913677d2c7b719
42sc	https://nds.iaea.org/relnsd/v1/data?fields=levels&nuclides=42sc	2026-10-02T13:51:16+09:00	200	25329	bedc2e4757605b18ee6a053d6dec10f0b5b170fc5279d23573cc68caafc8ec07
43sc	https://nds.iaea.org/relnsd/v1/data?fields=levels&nuclides=43sc	2026-10-02T13:51:20+09:00	200	57911	52b49992a666738068a0b2b90111a247746979de89744df509976a9bcea7bc49
44sc	https://nds.iaea.org/relnsd/v1/data?fields=levels&nuclides=44sc	2026-10-02T13:51:22+09:00	200	32790	181cc969bcbfd5c2e96676e4b79bf32c53d545dad8a1a76cfb8b17f18d49c15a
45sc	https://nds.iaea.org/relnsd/v1/data?fields=levels&nuclides=45sc	2026-10-02T13:51:26+09:00	200	25730	339dda8a843a55d5b138ac4dffd3b2e8363682a56a9bed7a1660939c2a023e58
46sc	https://nds.iaea.org/relnsd/v1/data?fields=levels&nuclides=46sc	2026-10-02T13:51:29+09:00	200	21415	8d3d63ac2fd8c51622fbf55e457a98f5dc4a60fe1ad18e0f917b1930103dc29a
47sc	https://nds.iaea.org/relnsd/v1/data?fields=levels&nuclides=47sc	2026-10-02T13:51:31+09:00	200	13279	a19a922e2cb9bed918725f9260782287dabea63e0d7a486c4a7d718d54db166b
50sc	https://nds.iaea.org/relnsd/v1/data?fields=levels&nuclides=50sc	2026-10-02T13:51:33+09:00	200	5432	84b652db1eb982e6e57f9723b24d00e119c78a1b20bac8955c513722bcfda6c2
54sc	https://nds.iaea.org/relnsd/v1/data?fields=levels&nuclides=54sc	2026-10-02T13:51:35+09:00	200	647	7a6bdff69ebbb76470f3019b40ccf3769007f78cb52bf307f5432e6329ae7f29
56sc	https://nds.iaea.org/relnsd/v1/data?fields=levels&nuclides=56sc	2026-10-02T13:51:36+09:00	200	821	e60088a45a59ba04f90a7a4e9568f4abddc7ad60641ae3caa22aace2065f743b
58sc	https://nds.iaea.org/relnsd/v1/data?fields=levels&nuclides=58sc	2026-10-02T13:51:39+09:00	200	454	67718693dad2c3173dd88e99809d1f3a5dc14de7d93849259b6bc8b1fefcafcf
43ti	https://nds.iaea.org/relnsd/v1/data?fields=levels&nuclides=43ti	2026-10-02T13:51:41+09:00	200	2044	284a7fa49ab9f02bc8f478e5234566cc32a340c7be73360b4140b86f3a715e5d
45ti	https://nds.iaea.org/relnsd/v1/data?fields=levels&nuclides=45ti	2026-10-02T13:51:42+09:00	200	6902	9f6ec7414cdd16a2d62339ee9a6800b30a09c83d8df2b0f98d5bbec77d8ea3db
59ti	https://nds.iaea.org/relnsd/v1/data?fields=levels&nuclides=59ti	2026-10-02T13:51:44+09:00	200	549	ce9e06be5c7747191fa237f3511e03ae1dd4c1813aa899297d25e8028ff50dc2
61ti	https://nds.iaea.org/relnsd/v1/data?fields=levels&nuclides=61ti	2026-10-02T13:51:47+09:00	200	657	7d0f729bea8ec29b3497dee2d804476a82fd21ff4fe6cb2db77515bfedf2048c
44v	https://nds.iaea.org/relnsd/v1/data?fields=levels&nuclides=44v	2026-10-02T13:51:48+09:00	200	2307	f654912c25fe1ac45a1611d7754264a2b86bd6f237bf6c982be221563f5f654e
45v	https://nds.iaea.org/relnsd/v1/data?fields=levels&nuclides=45v	2026-10-02T13:51:51+09:00	200	2164	9e9b2d15abc4622be09d114e854ba79d739997c28937ae2f2f01a7fe1c0a49cb
46v	https://nds.iaea.org/relnsd/v1/data?fields=levels&nuclides=46v	2026-10-02T13:51:53+09:00	200	6635	01b4ba13be9e43df6c533443fca84a6ebb92bfd739f7c2358a4e6805161db22c
54v	https://nds.iaea.org/relnsd/v1/data?fields=levels&nuclides=54v	2026-10-02T13:51:54+09:00	200	3031	e77bb19326e164444f5692e113744c7a05f2c37b3a53842d67594e3ec6e775df
60v	https://nds.iaea.org/relnsd/v1/data?fields=levels&nuclides=60v	2026-10-02T13:51:57+09:00	200	796	e4e7a9c26e5b62faf92cff72d62fe09855b1ec0691441d8ceb449829667a71e1
64v	https://nds.iaea.org/relnsd/v1/data?fields=levels&nuclides=64v	2026-10-02T13:51:59+09:00	200	557	69c056bad7b54d84fca5e7ae67fd3f7ac8aa8f79b239cab24f15ee622fc555d8
45cr	https://nds.iaea.org/relnsd/v1/data?fields=levels&nuclides=45cr	2026-10-02T13:52:00+09:00	200	602	170c3145d1f065c42ef7a218c8a6dc168fb882da77d83b1e300ffed36c274dbc
59cr	https://nds.iaea.org/relnsd/v1/data?fields=levels&nuclides=59cr	2026-10-02T13:52:02+09:00	200	1659	66d90a929e3592d5aa8c125ef1ee9d7c313d67283ff0d6cdc2cad1941fe31f50
46mn	https://nds.iaea.org/relnsd/v1/data?fields=levels&nuclides=46mn	2026-10-02T13:52:04+09:00	200	506	f87f9c5d1c318ebe0d7a34e96c8c66b9e7041037905c8afb053de94d8d23c6cf
50mn	https://nds.iaea.org/relnsd/v1/data?fields=levels&nuclides=50mn	2026-10-02T13:52:06+09:00	200	5653	7e9dba28f01487264d324061cefb816a528ee1febb1c4cd00b32d719ce640f97
52mn	https://nds.iaea.org/relnsd/v1/data?fields=levels&nuclides=52mn	2026-10-02T13:52:08+09:00	200	13653	2e0f2d2d920eeab6ec88345a06d2ac883333c0c69a05c85cd845bfaaec85b6cf
58mn	https://nds.iaea.org/relnsd/v1/data?fields=levels&nuclides=58mn	2026-10-02T13:52:10+09:00	200	8350	7909c967323e986426814d7491cee8d43bc296f0a02d7495e3fc968b1cf2751b
60mn	https://nds.iaea.org/relnsd/v1/data?fields=levels&nuclides=60mn	2026-10-02T13:52:12+09:00	200	4859	28aede7bde16b4233a4676caa7cadc3c759a09d53748ca46f89c268685403f8e
62mn	https://nds.iaea.org/relnsd/v1/data?fields=levels&nuclides=62mn	2026-10-02T13:52:14+09:00	200	1684	aeb3d40826e39353d13a5789dcb72d5a1a323609c17db212d89327106d5a31cc
64mn	https://nds.iaea.org/relnsd/v1/data?fields=levels&nuclides=64mn	2026-10-02T13:52:16+09:00	200	856	b9cd2fe25ebdd516271311bb93b25fb3fb7887e6d16a692a3dc0563486b61ab6
66mn	https://nds.iaea.org/relnsd/v1/data?fields=levels&nuclides=66mn	2026-10-02T13:52:18+09:00	200	415	2e2225bf13fe3b0bbb72ae25db82eb6ea504a1caa79552328eb51efe1bbd0bf1
47fe	https://nds.iaea.org/relnsd/v1/data?fields=levels&nuclides=47fe	2026-10-02T13:52:20+09:00	200	426	4eeed9dede7c730bc5905014953f989bac668ca03eab056682dbdd343d1de618
52fe	https://nds.iaea.org/relnsd/v1/data?fields=levels&nuclides=52fe	2026-10-02T13:52:22+09:00	200	10448	1c306de1db5423fc3c9280bbec017f0ccc4cb9e39c0ff9c4661ccb8205d60ce9
53fe	https://nds.iaea.org/relnsd/v1/data?fields=levels&nuclides=53fe	2026-10-02T13:52:24+09:00	200	9969	4de87547df899134904b8036432029aaa5e19fa1100ec2e249d6504ae33760fb
54fe	https://nds.iaea.org/relnsd/v1/data?fields=levels&nuclides=54fe	2026-10-02T13:52:27+09:00	200	24488	353b3a6f9eff18ad9015b761065775db150fecdf476e30241aa9a915f81a88df
61fe	https://nds.iaea.org/relnsd/v1/data?fields=levels&nuclides=61fe	2026-10-02T13:52:29+09:00	200	3670	82b801b92289aaa2f7fec2beaad0a7917e92860a20fc2ee58612709f08efefe3
65fe	https://nds.iaea.org/relnsd/v1/data?fields=levels&nuclides=65fe	2026-10-02T13:52:31+09:00	200	945	1d86ae0759072eceb6d2595377148aa979fa611c678ee51f880e5354d072ca47
67fe	https://nds.iaea.org/relnsd/v1/data?fields=levels&nuclides=67fe	2026-10-02T13:52:34+09:00	200	696	047adf1a9495d0c42a60038142ec846d6e280b3a9b4d7c8a12dd7da3e2ce6888
52co	https://nds.iaea.org/relnsd/v1/data?fields=levels&nuclides=52co	2026-10-02T13:52:35+09:00	200	705	3dc729c05cac4b2f6f13397dc072d325765e24ba1fe1fce896d3dfffb3153b17
53co	https://nds.iaea.org/relnsd/v1/data?fields=levels&nuclides=53co	2026-10-02T13:52:37+09:00	200	1033	af8f4dac967abf344edca658944097b4e4aec140dacffbe7927d10e506d0e0da
54co	https://nds.iaea.org/relnsd/v1/data?fields=levels&nuclides=54co	2026-10-02T13:52:40+09:00	200	13986	7c36f34165a723b87dbee6cb6396207f6c972a0adc4ec32215ebb75dc84b5ded
58co	https://nds.iaea.org/relnsd/v1/data?fields=levels&nuclides=58co	2026-10-02T13:52:43+09:00	200	34979	2d3f5050c9b2acebe08a9a9d5af770547754b513b73820417a69980672f8bd7d
60co	https://nds.iaea.org/relnsd/v1/data?fields=levels&nuclides=60co	2026-10-02T13:52:45+09:00	200	28422	1738d207c1672986b1f4db2771552710cee3820f6bd22c3bb657f169969d97d7
62co	https://nds.iaea.org/relnsd/v1/data?fields=levels&nuclides=62co	2026-10-02T13:52:47+09:00	200	6105	069861e771476c76c6a04fa1873ae28ffe7aa2318a7002829dfcb9401cd7816d
64co	https://nds.iaea.org/relnsd/v1/data?fields=levels&nuclides=64co	2026-10-02T13:52:50+09:00	200	3635	47e096ba6521e0b4a80d1a500b89c1305cc97ff1007247091e443e96b85fb06a
66co	https://nds.iaea.org/relnsd/v1/data?fields=levels&nuclides=66co	2026-10-02T13:52:52+09:00	200	732	f2d0ed51718415a3baae0cf952c08f94552172f8514ce5d56e2d881140519188
67co	https://nds.iaea.org/relnsd/v1/data?fields=levels&nuclides=67co	2026-10-02T13:52:55+09:00	200	443	a3758b05a71f43ac938ba2fde71580a9cffc8721e00bb1bc9589837dcd8165cd
68co	https://nds.iaea.org/relnsd/v1/data?fields=levels&nuclides=68co	2026-10-02T13:52:57+09:00	200	1741	bf0c854f8b997241d5ff131d1c394432500acb7daabb75eff11ab4eafa7c1b2c
69co	https://nds.iaea.org/relnsd/v1/data?fields=levels&nuclides=69co	2026-10-02T13:52:59+09:00	200	413	b20b46c8069996a8c5351c8f2359fb66db6e45cdedc9b5d41571af8e8df201bd
70co	https://nds.iaea.org/relnsd/v1/data?fields=levels&nuclides=70co	2026-10-02T13:53:01+09:00	200	766	3c414676cd6ccfc6b932fbd7208b54d49f5c72e4cbdaa819b8ec36939451c47f
72co	https://nds.iaea.org/relnsd/v1/data?fields=levels&nuclides=72co	2026-10-02T13:53:03+09:00	200	439	2f20d0f94d05d933754beda99e70a0fd26f341930eb435edd4bc5bad7f2aa2f1
76co	https://nds.iaea.org/relnsd/v1/data?fields=levels&nuclides=76co	2026-10-02T13:53:05+09:00	200	880	0545fd6b92a47e8883d156c400166bdfc3a87cca3c25ec58c003260287301682
54ni	https://nds.iaea.org/relnsd/v1/data?fields=levels&nuclides=54ni	2026-10-02T13:53:06+09:00	200	1078	51fa5f5f4e26f9e6988eaa310c4d12ef48d308f1013db40aa4cf7cc1e8e39bd9
56ni	https://nds.iaea.org/relnsd/v1/data?fields=levels&nuclides=56ni	2026-10-02T13:53:08+09:00	200	10789	fece8b2bb54acfa797f8c5b2e941d121a9de37661acf32f2d1175fcd3f3fb6b6
63ni	https://nds.iaea.org/relnsd/v1/data?fields=levels&nuclides=63ni	2026-10-02T13:53:12+09:00	200	19431	9eef19de22b5a12992ed7db00b2e0ee43c6a6770f781eecb3024efdf5a3c6694
65ni	https://nds.iaea.org/relnsd/v1/data?fields=levels&nuclides=65ni	2026-10-02T13:53:13+09:00	200	11431	e76c0eb5a9db3781649de61616b74acb19b40184b3d1f3d1bcc5087d6a8206fa
67ni	https://nds.iaea.org/relnsd/v1/data?fields=levels&nuclides=67ni	2026-10-02T13:53:15+09:00	200	1405	c0daea7602bc696566b2f27076ec241bb1cd3af40586503c63c4297396892087
68ni	https://nds.iaea.org/relnsd/v1/data?fields=levels&nuclides=68ni	2026-10-02T13:53:17+09:00	200	2213	84ae1820ba50217bcbe6c3322c0bbced89b67f6743619f60e294b352d4fdcd3d
69ni	https://nds.iaea.org/relnsd/v1/data?fields=levels&nuclides=69ni	2026-10-02T13:53:19+09:00	200	1217	e343dd136b5cf8dbe38d73bd1c14062bf17bdf1b5920c8fc0762b1a34e919eb7
70ni	https://nds.iaea.org/relnsd/v1/data?fields=levels&nuclides=70ni	2026-10-02T13:53:20+09:00	200	2075	a2e58611509af55ed5a36df5f39f798c53609d950fc1ecbe79c33fa51dd8d3d0
71ni	https://nds.iaea.org/relnsd/v1/data?fields=levels&nuclides=71ni	2026-10-02T13:53:22+09:00	200	945	a5669e1fb1b296c0e0c8ddcb7ce854bf29a7afb2660cfd4d78bacfdf6519fb74
76ni	https://nds.iaea.org/relnsd/v1/data?fields=levels&nuclides=76ni	2026-10-02T13:53:24+09:00	200	1457	9aa5818ab39d22d0cd56fff355ee729a0adcc46a197ec27394f54f8d997d1b01
66cu	https://nds.iaea.org/relnsd/v1/data?fields=levels&nuclides=66cu	2026-10-02T13:53:26+09:00	200	12759	cb77858a90fe71531c5e63da5f4e1825be4d0f3794af36d59e3dd1ef1aa332cb
68cu	https://nds.iaea.org/relnsd/v1/data?fields=levels&nuclides=68cu	2026-10-02T13:53:28+09:00	200	2109	de586c2ba932be2b12083d621598a4ea7137dc5312434dde60c14dffaa351b12
69cu	https://nds.iaea.org/relnsd/v1/data?fields=levels&nuclides=69cu	2026-10-02T13:53:30+09:00	200	2606	fb26741375b615927da23ee498577b3a4103ddba775f2b3e7822d2416306a6a3
70cu	https://nds.iaea.org/relnsd/v1/data?fields=levels&nuclides=70cu	2026-10-02T13:53:32+09:00	200	1851	ddb38a1f5d20da7e53429cb4802a69d23736083033871cb76e64e7c29776c8ed
71cu	https://nds.iaea.org/relnsd/v1/data?fields=levels&nuclides=71cu	2026-10-02T13:53:34+09:00	200	3809	80dee4d4b117b1ba90c6ade11ca21846da70be495d0c6d44ead31846dc1f54df
72cu	https://nds.iaea.org/relnsd/v1/data?fields=levels&nuclides=72cu	2026-10-02T13:53:35+09:00	200	2205	9b6de34729662db885fc38199e7558971162f8f440457003386ef5953df3dba5
75cu	https://nds.iaea.org/relnsd/v1/data?fields=levels&nuclides=75cu	2026-10-02T13:53:38+09:00	200	758	beb75059159965cc4a896a20e6ecae6e36e5e966957bd53cd983b1fcc77e951a
76cu	https://nds.iaea.org/relnsd/v1/data?fields=levels&nuclides=76cu	2026-10-02T13:53:40+09:00	200	600	5cca9bdb9d777897e7e4505ce0fcd4dba1f1ae57cb6e4415814c08fd589e70bc
65zn	https://nds.iaea.org/relnsd/v1/data?fields=levels&nuclides=65zn	2026-10-02T13:53:46+09:00	200	20059	586022e768f256d2e013b8b206070a237202c9a134e311eac8284754217fd551
67zn	https://nds.iaea.org/relnsd/v1/data?fields=levels&nuclides=67zn	2026-10-02T13:53:48+09:00	200	16976	df19fdab96b789c595ddcb494ed281d15eddec5900ca81adf3eb0f3be06d0c64
69zn	https://nds.iaea.org/relnsd/v1/data?fields=levels&nuclides=69zn	2026-10-02T13:53:50+09:00	200	6714	b98f759f14cc4e9afd2f7fcdbead34844bfd95bd772751f816a43833be369b7e
71zn	https://nds.iaea.org/relnsd/v1/data?fields=levels&nuclides=71zn	2026-10-02T13:53:52+09:00	200	18351	4a3f186710b4b87debf16e3f15369b8e8ee02dd32193d0dbd5036276b0eb5462
73zn	https://nds.iaea.org/relnsd/v1/data?fields=levels&nuclides=73zn	2026-10-02T13:53:54+09:00	200	1109	f5d2664e0ba6f4af67bbda4f8854df183d6941ad26acaa674331e28c9c108eed
75zn	https://nds.iaea.org/relnsd/v1/data?fields=levels&nuclides=75zn	2026-10-02T13:53:56+09:00	200	6930	d246944e393b294c9f4d0e9071819da194e916c54afa034a2e216f207cbfb846
77zn	https://nds.iaea.org/relnsd/v1/data?fields=levels&nuclides=77zn	2026-10-02T13:53:57+09:00	200	3456	97a830a7f2fb7fa9ec6f009e2527d775f518f9ef961dbd41a0e2f69eff1bffed
78zn	https://nds.iaea.org/relnsd/v1/data?fields=levels&nuclides=78zn	2026-10-02T13:54:00+09:00	200	1036	62f8f9fc2ab8a77fb9557adc17317f9374455fae9091f22c92be3956c75755ac
79zn	https://nds.iaea.org/relnsd/v1/data?fields=levels&nuclides=79zn	2026-10-02T13:54:03+09:00	200	1198	b9dccae79bfad959766f6d9c8e22b12a3d43a9098dc50802f71363010fa2bc93
58ga	https://nds.iaea.org/relnsd/v1/data?fields=levels&nuclides=58ga	2026-10-02T13:54:05+09:00	200	2	9a271f2a916b0b6ee6cecb2426f0b3206ef074578be55d9bc94f6f3fe3ab86aa
61ga	https://nds.iaea.org/relnsd/v1/data?fields=levels&nuclides=61ga	2026-10-02T13:54:07+09:00	200	977	6e4db54010dc31a8ed0dee2b61e524286b52b72971cfe2732eef63b31d2b2741
64ga	https://nds.iaea.org/relnsd/v1/data?fields=levels&nuclides=64ga	2026-10-02T13:54:10+09:00	200	16181	bc0fca3a1c5315cbca70884386aaf702b0246cecc8c01d8170c9528adc56e18a
72ga	https://nds.iaea.org/relnsd/v1/data?fields=levels&nuclides=72ga	2026-10-02T13:54:12+09:00	200	11665	a02a07d3cce2f6ee2fc07efd388ca4bc3ffe10a7c634f5103c05935ef6aef688
73ga	https://nds.iaea.org/relnsd/v1/data?fields=levels&nuclides=73ga	2026-10-02T13:54:14+09:00	200	5695	dcea09e2a4b83cb7d0bca0beee8d8b65ba7dcb19235b309ca3851a2040ce08ee
74ga	https://nds.iaea.org/relnsd/v1/data?fields=levels&nuclides=74ga	2026-10-02T13:54:16+09:00	200	1460	f3d61aad249f64c1747aaf3d2980e42f0b23a2a96732b5a7d830eb9c2b179b02
78ga	https://nds.iaea.org/relnsd/v1/data?fields=levels&nuclides=78ga	2026-10-02T13:54:18+09:00	200	2698	d46231ceff5a305421794988346a8b3e43b318b9958b3339e71ef3c1c4368b06
80ga	https://nds.iaea.org/relnsd/v1/data?fields=levels&nuclides=80ga	2026-10-02T13:54:19+09:00	200	2717	e6a59c3a0fc40471822bf8b59999b1068b8e2ac35d114a1fa122c98b3b366e26
82ga	https://nds.iaea.org/relnsd/v1/data?fields=levels&nuclides=82ga	2026-10-02T13:54:21+09:00	200	967	e61fd9861e5ebd4884b2920ffdf3fb609982c75e28b6b7e87ce359bcb180f163
84ga	https://nds.iaea.org/relnsd/v1/data?fields=levels&nuclides=84ga	2026-10-02T13:54:23+09:00	200	429	5e58380e535a75aa90ad3ee025288b861dce164d25db4638be76b3f48ef9cb0d
67ge	https://nds.iaea.org/relnsd/v1/data?fields=levels&nuclides=67ge	2026-10-02T13:54:25+09:00	200	4477	8a116f6ade248b3f0420f52fdd529250651c34a888351dce27149823269c30ca
69ge	https://nds.iaea.org/relnsd/v1/data?fields=levels&nuclides=69ge	2026-10-02T13:54:27+09:00	200	17184	95dd09f6b8f02db146fa246a42e367810ee53885c0f3ccfcd2186de0ae080f75
71ge	https://nds.iaea.org/relnsd/v1/data?fields=levels&nuclides=71ge	2026-10-02T13:54:29+09:00	200	26660	d97b6367a28dc9e0c82c660bf826d112dfc46dad39aeb536971a96de5fbf44ef
72ge	https://nds.iaea.org/relnsd/v1/data?fields=levels&nuclides=72ge	2026-10-02T13:54:32+09:00	200	19953	42adc0c34b645f75e85e0c632217eed60d79c0354a076168253f0b9972876fd8
73ge	https://nds.iaea.org/relnsd/v1/data?fields=levels&nuclides=73ge	2026-10-02T13:54:34+09:00	200	14802	3eb3af5cd8f2746545c0af3e7344e0341692ed0278659e2103db18bcc8d668ce
75ge	https://nds.iaea.org/relnsd/v1/data?fields=levels&nuclides=75ge	2026-10-02T13:54:36+09:00	200	15177	7c4ab47aa9e75e61b3a0fe020de9168f8878384fa0486f8acc302652378e1eea
77ge	https://nds.iaea.org/relnsd/v1/data?fields=levels&nuclides=77ge	2026-10-02T13:54:39+09:00	200	6809	4be999d24767aa34d0442b207581b2b4c9449bfef7a3de848320a52b24938b6c
79ge	https://nds.iaea.org/relnsd/v1/data?fields=levels&nuclides=79ge	2026-10-02T13:54:41+09:00	200	4008	36a773c947f8ed166f7c8b92579422781b0eb8e3ae83bbf759e4a09ce2189a20
81ge	https://nds.iaea.org/relnsd/v1/data?fields=levels&nuclides=81ge	2026-10-02T13:54:43+09:00	200	4175	2d6f7713c1425abb130197c18c5772c2b662df64ddf0fc42e128d53c5a742d1f
60as	https://nds.iaea.org/relnsd/v1/data?fields=levels&nuclides=60as	2026-10-02T13:54:45+09:00	200	2	9a271f2a916b0b6ee6cecb2426f0b3206ef074578be55d9bc94f6f3fe3ab86aa
66as	https://nds.iaea.org/relnsd/v1/data?fields=levels&nuclides=66as	2026-10-02T13:54:47+09:00	200	1779	90bc51fbb358286ae0fa3cd51c343d794da2e693d244d76a3d5209420e93cdbc
68as	https://nds.iaea.org/relnsd/v1/data?fields=levels&nuclides=68as	2026-10-02T13:54:49+09:00	200	5545	9466249d0385c0864dd5379e69be3e713259838da47395ad9d39ee02fd879d91
70as	https://nds.iaea.org/relnsd/v1/data?fields=levels&nuclides=70as	2026-10-02T13:54:51+09:00	200	9062	77b133cb41b35b6c8599d629ab9e74bd01f8fc5c1828d104d40ff25d667db0da
73as	https://nds.iaea.org/relnsd/v1/data?fields=levels&nuclides=73as	2026-10-02T13:54:54+09:00	200	17523	dcb1e8af69abec22ac867bfd2e21f6fab5a970ba76de065603ea32cca239fd30
75as	https://nds.iaea.org/relnsd/v1/data?fields=levels&nuclides=75as	2026-10-02T13:54:56+09:00	200	14161	731ede67fe508790776e089c2ecb59c039ccdb7ffcbcb7c2247b8e3dcb49f6a9
76as	https://nds.iaea.org/relnsd/v1/data?fields=levels&nuclides=76as	2026-10-02T13:54:59+09:00	200	26029	80c6574df1c204b482e54a2e43745ee8e7fee86bb1a43c0709e883f9a2b23779
77as	https://nds.iaea.org/relnsd/v1/data?fields=levels&nuclides=77as	2026-10-02T13:55:01+09:00	200	9801	4e93daeab362c5af43140e856848d8f5d55569f2042f803aa50a3180d3a496da
79as	https://nds.iaea.org/relnsd/v1/data?fields=levels&nuclides=79as	2026-10-02T13:55:03+09:00	200	3650	5ae0081fa8bd160cdb944d1bacc3bfe3b3644ede27556f3581c999b6d876688a
82as	https://nds.iaea.org/relnsd/v1/data?fields=levels&nuclides=82as	2026-10-02T13:55:05+09:00	200	2553	b40924ab215cdd6d7eb147f1861e84b5601d3b5c083f5798d023935ed818b4ba
84as	https://nds.iaea.org/relnsd/v1/data?fields=levels&nuclides=84as	2026-10-02T13:55:07+09:00	200	1035	28322efdb112fa9a47d69ae8e5d44fec0717321cc6267a44cdc9b110c2da88e0
90as	https://nds.iaea.org/relnsd/v1/data?fields=levels&nuclides=90as	2026-10-02T13:55:09+09:00	200	630	70654fc4fc63341261ae689ee900414c52390ec7e0ff5c0ea4ca2708ce77f59f
69se	https://nds.iaea.org/relnsd/v1/data?fields=levels&nuclides=69se	2026-10-02T13:55:10+09:00	200	5619	dd4dbf499d2755322fb566e5b08eabf47bb5b207caab1158562e14f01bb8c452
71se	https://nds.iaea.org/relnsd/v1/data?fields=levels&nuclides=71se	2026-10-02T13:55:12+09:00	200	4936	f98cc03efc7412269b6664fab9f66ba2437a80b8beb68ef00adc3217fd6b2272
73se	https://nds.iaea.org/relnsd/v1/data?fields=levels&nuclides=73se	2026-10-02T13:55:19+09:00	200	10146	e622d2c907b1c995c9357996afa5c09e14d00577b5368e82274aeeecbcd9dd5e
77se	https://nds.iaea.org/relnsd/v1/data?fields=levels&nuclides=77se	2026-10-02T13:55:21+09:00	200	19000	c5c8414be542dc9f0f7e3c67a02580b93cb70692430e1a563721ea7f57c90d4c
79se	https://nds.iaea.org/relnsd/v1/data?fields=levels&nuclides=79se	2026-10-02T13:55:23+09:00	200	11686	b30ff56d74ca3b134ebe7074223c072a76f1a7fae5f1bb46b44bb18b96d31b20
81se	https://nds.iaea.org/relnsd/v1/data?fields=levels&nuclides=81se	2026-10-02T13:55:25+09:00	200	8171	ebdc77af35bd4447f7ffe1625fde12b3e6d38e8c946a0daa4dc24239c9e0b75b
83se	https://nds.iaea.org/relnsd/v1/data?fields=levels&nuclides=83se	2026-10-02T13:55:28+09:00	200	6880	5ab227beb53a5f6e52556377e925a92b9a3409700adefa22f1fd78e9509aa7e8
92se	https://nds.iaea.org/relnsd/v1/data?fields=levels&nuclides=92se	2026-10-02T13:55:29+09:00	200	394	5d15339086c86d5fb6aafc12feed3900ab72097b602503a8be8573e282375c97
93se	https://nds.iaea.org/relnsd/v1/data?fields=levels&nuclides=93se	2026-10-02T13:55:31+09:00	200	398	0ade9fc13ecaf51fd5922468fdd1aa161cd798e8ae1b7f1b274375b6fce4d562
94se	https://nds.iaea.org/relnsd/v1/data?fields=levels&nuclides=94se	2026-10-02T13:55:34+09:00	200	427	f9ed9d6ec40cff008883448bcedb535cb02d7738657b950c0c7eed9fa1aefde3
69br	https://nds.iaea.org/relnsd/v1/data?fields=levels&nuclides=69br	2026-10-02T13:55:36+09:00	200	593	11665da42794f99719e22811f3303509bb9cd18ea21ac82ed27a02285a9a5586
70br	https://nds.iaea.org/relnsd/v1/data?fields=levels&nuclides=70br	2026-10-02T13:55:38+09:00	200	3889	1c7dba2133bba6d489b90c709700e8588cf92c978a0ea6148669b926460cd829
72br	https://nds.iaea.org/relnsd/v1/data?fields=levels&nuclides=72br	2026-10-02T13:55:40+09:00	200	12570	ddb85a43b0628d51cfc0e83651e966083c6a2371bc3e66bdc6450fe44b28cc52
74br	https://nds.iaea.org/relnsd/v1/data?fields=levels&nuclides=74br	2026-10-02T13:55:42+09:00	200	11786	5a49ef401fb1b48f3387946cc5629c6b137c56bafdf755303d9db5687fa0d9dd
76br	https://nds.iaea.org/relnsd/v1/data?fields=levels&nuclides=76br	2026-10-02T13:55:45+09:00	200	15175	e5e378dab6c60bb18fbd299a6845b3edd057c6eee67b6c8a9d4ce1a79166c9e6
77br	https://nds.iaea.org/relnsd/v1/data?fields=levels&nuclides=77br	2026-10-02T13:55:47+09:00	200	11086	b89479d8cfb9c56d43839feaa625b078b59a59ac11be2a6681e9f852393091d3
78br	https://nds.iaea.org/relnsd/v1/data?fields=levels&nuclides=78br	2026-10-02T13:55:49+09:00	200	10032	f56a72bacde0eafe464476f7b07d82d040aeecd6d58ab8238101f75a7f2cdc1a
79br	https://nds.iaea.org/relnsd/v1/data?fields=levels&nuclides=79br	2026-10-02T13:55:51+09:00	200	14269	419724ae4d1fae17b1b0a482754d932d01c09de78e852e0c9760b78c20a34b54
80br	https://nds.iaea.org/relnsd/v1/data?fields=levels&nuclides=80br	2026-10-02T13:55:53+09:00	200	11430	fd2f193cc4935a8a4b0a48786b006be970b29307786e0f42ac1d89505f9969d3
81br	https://nds.iaea.org/relnsd/v1/data?fields=levels&nuclides=81br	2026-10-02T13:55:55+09:00	200	11717	800481c243c3ecc481a61ca8c1ad0990b6d5c7862e58f931c03601e9dbd5c5b7
82br	https://nds.iaea.org/relnsd/v1/data?fields=levels&nuclides=82br	2026-10-02T13:55:58+09:00	200	13921	a58662e3caf4ccdb283579e67056eccaf091326d81e6720df92ccb8f37e726e2
83br	https://nds.iaea.org/relnsd/v1/data?fields=levels&nuclides=83br	2026-10-02T13:56:00+09:00	200	9423	f2abd7d57bf7e2ebcac613df0ed4ddbc3b90c81ef210f6ee9154b47a355bb7f0
84br	https://nds.iaea.org/relnsd/v1/data?fields=levels&nuclides=84br	2026-10-02T13:56:02+09:00	200	1181	6174def8b0bc188f038fa132c6123da08f2806652dd9c41a62c08b9667cd04a0
88br	https://nds.iaea.org/relnsd/v1/data?fields=levels&nuclides=88br	2026-10-02T13:56:03+09:00	200	1324	d46d04495c2a0fa87b2a7be4c3dd17da7f2e71206aebdaffc494811451f392a6
92br	https://nds.iaea.org/relnsd/v1/data?fields=levels&nuclides=92br	2026-10-02T13:56:05+09:00	200	516	fc4708275b5ee3a2109638924b734942ab49bad8b6eacce6cf9778471de1268e
94br	https://nds.iaea.org/relnsd/v1/data?fields=levels&nuclides=94br	2026-10-02T13:56:07+09:00	200	428	18231cd2b2a3bc2d795f3658c2bd031fabea1517dcf6c4b314e1ddf8904e656c
95br	https://nds.iaea.org/relnsd/v1/data?fields=levels&nuclides=95br	2026-10-02T13:56:09+09:00	200	446	4c285bbc1748d1318c4f437c237e760efbe36e251fe01788e00bb9222143775b
96br	https://nds.iaea.org/relnsd/v1/data?fields=levels&nuclides=96br	2026-10-02T13:56:11+09:00	200	431	7baab1d9c471a72de8c2365ec749cfb08c5016c6f9fbabb4e1a2e71c81c7e747
73kr	https://nds.iaea.org/relnsd/v1/data?fields=levels&nuclides=73kr	2026-10-02T13:56:13+09:00	200	6258	d2f9341d35cebd785b8f0aa3312d4ad19d73e2e364717b6a82e981a8f9905e46
77kr	https://nds.iaea.org/relnsd/v1/data?fields=levels&nuclides=77kr	2026-10-02T13:56:15+09:00	200	9641	c5c217f1a1dc6b70d7b0f9e8125ff24ba92bd6c67389997ac2c07d249e72215b
79kr	https://nds.iaea.org/relnsd/v1/data?fields=levels&nuclides=79kr	2026-10-02T13:56:17+09:00	200	11268	c347aa7cde41b8f49923f38055c08b8c8510c90d0578162a61ab8fda60a6e294
81kr	https://nds.iaea.org/relnsd/v1/data?fields=levels&nuclides=81kr	2026-10-02T13:56:19+09:00	200	12935	a7a1b3ef9a6a44d17d4a8e3a8cfc03e5192358c183538ca18e066efa3009dbbf
83kr	https://nds.iaea.org/relnsd/v1/data?fields=levels&nuclides=83kr	2026-10-02T13:56:21+09:00	200	8372	ac77e3135e7bf4fa9ac1041f0922585e0b72bc5152e6dae0a7121f5f7235d51e
84kr	https://nds.iaea.org/relnsd/v1/data?fields=levels&nuclides=84kr	2026-10-02T13:56:24+09:00	200	11176	c59ebfb493b1726284a68e13076045867a058d5f5153cd7aecd29ca1a096490c
85kr	https://nds.iaea.org/relnsd/v1/data?fields=levels&nuclides=85kr	2026-10-02T13:56:26+09:00	200	23032	207480c4d04024291baaffb844190a570fa2f880a119a4f28c1925a32aa8df1b
95kr	https://nds.iaea.org/relnsd/v1/data?fields=levels&nuclides=95kr	2026-10-02T13:56:28+09:00	200	746	8b2c12bc5f4de8e7c62dd7d67dae00b39a4cb17959a2ca60f311c9c5a4caf095
71rb	https://nds.iaea.org/relnsd/v1/data?fields=levels&nuclides=71rb	2026-10-02T13:56:30+09:00	200	2	9a271f2a916b0b6ee6cecb2426f0b3206ef074578be55d9bc94f6f3fe3ab86aa
72rb	https://nds.iaea.org/relnsd/v1/data?fields=levels&nuclides=72rb	2026-10-02T13:56:31+09:00	200	418	fdb79c6c08a0bb0998ed8a9a51e8092373aee9e20684a8f88369f9dc6295bc54
73rb	https://nds.iaea.org/relnsd/v1/data?fields=levels&nuclides=73rb	2026-10-02T13:56:34+09:00	200	533	f56f0b30cb25e8c8eff73cbda83823b2e0ca3e85c225bc8b829f8a249d046e53
76rb	https://nds.iaea.org/relnsd/v1/data?fields=levels&nuclides=76rb	2026-10-02T13:56:37+09:00	200	16047	5c334695072df26b0c639508c40023573ddb937aa1965b76c9863570e7310515
78rb	https://nds.iaea.org/relnsd/v1/data?fields=levels&nuclides=78rb	2026-10-02T13:56:39+09:00	200	9417	e6678456c95805710944520cea6d51250fc6688533d57e8ab323fbc82d2694fb
80rb	https://nds.iaea.org/relnsd/v1/data?fields=levels&nuclides=80rb	2026-10-02T13:56:40+09:00	200	7977	388a166676f84314eb6a5a154ac45c30dde12712b5af5c878d0a4864994245e1
81rb	https://nds.iaea.org/relnsd/v1/data?fields=levels&nuclides=81rb	2026-10-02T13:56:42+09:00	200	11566	cc615353cbbe21e0dd357fa850121ffc4c5f8f07de1bde2a282c1791a7223633
82rb	https://nds.iaea.org/relnsd/v1/data?fields=levels&nuclides=82rb	2026-10-02T13:56:44+09:00	200	6601	2476c0d8c275f31a5563ac76baaca07b7ebfc0017f5c982ebbb84d02017ef44c
83rb	https://nds.iaea.org/relnsd/v1/data?fields=levels&nuclides=83rb	2026-10-02T13:56:46+09:00	200	15239	e191ae66ca70077b7687a15d6977719e5f8a33101a33ff464a34c5b49e6291ef
84rb	https://nds.iaea.org/relnsd/v1/data?fields=levels&nuclides=84rb	2026-10-02T13:56:48+09:00	200	6712	c895f994e4b7fdbc158ecfe6bb8dba0daaaf85a45746654f2632b0a3aa90ba1e
85rb	https://nds.iaea.org/relnsd/v1/data?fields=levels&nuclides=85rb	2026-10-02T13:56:50+09:00	200	13671	f478b55edc10675bb7e88e94d55ec404cbb1db36e873d0739ad6bfa406b6c8ab
86rb	https://nds.iaea.org/relnsd/v1/data?fields=levels&nuclides=86rb	2026-10-02T13:56:53+09:00	200	11410	9934e40153e7b03f4457beec13cdabf7415c3415bc84b89615f76e77b7b0b462
88rb	https://nds.iaea.org/relnsd/v1/data?fields=levels&nuclides=88rb	2026-10-02T13:56:56+09:00	200	7239	d55bc93ee08383a500f8677a33c2323596fd7a20cec95377d90577c410c35573
90rb	https://nds.iaea.org/relnsd/v1/data?fields=levels&nuclides=90rb	2026-10-02T13:56:58+09:00	200	4751	cda66241c92e4059cc97e37dfc20e5cc40edf2536b51b59197a61a8bd8d37e17
93rb	https://nds.iaea.org/relnsd/v1/data?fields=levels&nuclides=93rb	2026-10-02T13:57:00+09:00	200	7270	93b38b5d747660c87d2e3d26503258a1941b0069f42e5aa2aa0ef666a96a67a5
94rb	https://nds.iaea.org/relnsd/v1/data?fields=levels&nuclides=94rb	2026-10-02T13:57:02+09:00	200	3411	d24a5b9a8c91929d3af3066771d2aa103004da4017c86d11f295a09463070c0b
95rb	https://nds.iaea.org/relnsd/v1/data?fields=levels&nuclides=95rb	2026-10-02T13:57:04+09:00	200	837	aba3ea6c2059c86f80d77901209dd36bc7ba63e12816f1cbe7a7ad503e783448
96rb	https://nds.iaea.org/relnsd/v1/data?fields=levels&nuclides=96rb	2026-10-02T13:57:07+09:00	200	1744	d2609f513f231955e80a82bd5f55e1c26257cabf322f5760c2bd5bb71e6de292
97rb	https://nds.iaea.org/relnsd/v1/data?fields=levels&nuclides=97rb	2026-10-02T13:57:08+09:00	200	1093	1ae0509250d55c3bad9b5472d0d96c1e5e27e52e73473cd0433086bb59fbc891
98rb	https://nds.iaea.org/relnsd/v1/data?fields=levels&nuclides=98rb	2026-10-02T13:57:10+09:00	200	1598	b42df4f243cb0458afb1331befa42eaf5efe2d1f12c8a5050a316b5f5e1136a1
81sr	https://nds.iaea.org/relnsd/v1/data?fields=levels&nuclides=81sr	2026-10-02T13:57:12+09:00	200	16300	f5ad91e6db1beec5fbcd7061cca087a8c720b5827ed35602b871441f2b5bd759
83sr	https://nds.iaea.org/relnsd/v1/data?fields=levels&nuclides=83sr	2026-10-02T13:57:14+09:00	200	11121	fe92fd89b3f4562f72fb9a04bb780afbd5b2d72a4c2060611a0307661622b418
85sr	https://nds.iaea.org/relnsd/v1/data?fields=levels&nuclides=85sr	2026-10-02T13:57:18+09:00	200	16745	188e9b4089555611a2b8ca9686af50ebdcd07eef69e04ed5595810a0f623b22a
86sr	https://nds.iaea.org/relnsd/v1/data?fields=levels&nuclides=86sr	2026-10-02T13:57:19+09:00	200	13468	a843684059fba4371b1ac0644689e9690d061d39754fa4ac6a97c7a89954076d
87sr	https://nds.iaea.org/relnsd/v1/data?fields=levels&nuclides=87sr	2026-10-02T13:57:22+09:00	200	24018	653e44cd3bab77d6bc76a80fee46b2337c6c48781447d15bdc2552b8205eded0
97sr	https://nds.iaea.org/relnsd/v1/data?fields=levels&nuclides=97sr	2026-10-02T13:57:24+09:00	200	5254	ded4cbde509ea641666154bb2a0d7f843c35f3bf6d84d35b0716f0194b103b1b
100sr	https://nds.iaea.org/relnsd/v1/data?fields=levels&nuclides=100sr	2026-10-02T13:57:25+09:00	200	3579	523ea1186b0022ed7a348e6452e41b3817daa95171a99f8487ed31e37fffca67
78y	https://nds.iaea.org/relnsd/v1/data?fields=levels&nuclides=78y	2026-10-02T13:57:27+09:00	200	773	8a344528d16573f7c6dc89002d889dc461220ae44fa34e99c77c8c9d5db5febb
80y	https://nds.iaea.org/relnsd/v1/data?fields=levels&nuclides=80y	2026-10-02T13:57:29+09:00	200	8835	65dbb8455ff24b3814cf7de54191637c3dfc44ada28a619b590d8b804273acc4
82y	https://nds.iaea.org/relnsd/v1/data?fields=levels&nuclides=82y	2026-10-02T13:57:31+09:00	200	8332	eb7a9d8c20ce713eb75fd74b20c6994a68466baa2a45b26b55893360202f439e
83y	https://nds.iaea.org/relnsd/v1/data?fields=levels&nuclides=83y	2026-10-02T13:57:33+09:00	200	14070	d254b36d5ed8612633081b2abcf1430170c39dcbc730c303381a775c4b4b85b3
84y	https://nds.iaea.org/relnsd/v1/data?fields=levels&nuclides=84y	2026-10-02T13:57:35+09:00	200	9328	759e75d8938bebbebfc0c61f2d9f638c3f8505c01eceb0ef597d7dbd2be18a6e
85y	https://nds.iaea.org/relnsd/v1/data?fields=levels&nuclides=85y	2026-10-02T13:57:37+09:00	200	14933	9ad9e7a02ecdf934a6cbfd4841f28c864ec61822abe3f47dfaee4582d6c248c4
86y	https://nds.iaea.org/relnsd/v1/data?fields=levels&nuclides=86y	2026-10-02T13:57:40+09:00	200	10682	45f3e2636ba60173d41f6c6f17dc161030cdeeceaef372b1d360ab1fcb24073c
87y	https://nds.iaea.org/relnsd/v1/data?fields=levels&nuclides=87y	2026-10-02T13:57:42+09:00	200	16822	3858d21d4b4c7b2548ddb95f9228ebf78743b73c1e5cf8cf066dd8e8fb376819
88y	https://nds.iaea.org/relnsd/v1/data?fields=levels&nuclides=88y	2026-10-02T13:57:44+09:00	200	13284	e370f51a10367d5f174e828fddbf7a8d43c7c706d2af4472ef98204168da25a9
89y	https://nds.iaea.org/relnsd/v1/data?fields=levels&nuclides=89y	2026-10-02T13:57:48+09:00	200	43605	89e143d6cb08c2539f5f95222e5bc42d04dcd2f3e6b7357eafd8366f16876ee0
90y	https://nds.iaea.org/relnsd/v1/data?fields=levels&nuclides=90y	2026-10-02T13:57:51+09:00	200	20688	251aeada6a587a85a889fe8301d4130ff6883d96c3d1356e1e14e94b713d57b4
91y	https://nds.iaea.org/relnsd/v1/data?fields=levels&nuclides=91y	2026-10-02T13:57:52+09:00	200	6307	0a79c929b80b5355b65370fff98fcec5c8a0ca3c896aefc470aa054e846cbf51
92y	https://nds.iaea.org/relnsd/v1/data?fields=levels&nuclides=92y	2026-10-02T13:57:54+09:00	200	2361	ad96a5d7364ebab35400b65db3d7893f8f9b09f8d1e5333c578836ccc27acb40
93y	https://nds.iaea.org/relnsd/v1/data?fields=levels&nuclides=93y	2026-10-02T13:57:56+09:00	200	4682	102934eea33822683627ceb1535550e1c842adb1b97ae654a52a21cfda2e4fa9
94y	https://nds.iaea.org/relnsd/v1/data?fields=levels&nuclides=94y	2026-10-02T13:57:58+09:00	200	3000	dff60c8dc5125627e563d3c995a78e5397f06bf8c8462e8787ca5bfc6f1319ba
95y	https://nds.iaea.org/relnsd/v1/data?fields=levels&nuclides=95y	2026-10-02T13:58:01+09:00	200	6709	3bdcb363e85f5bada3dca0051b9ec6db18a35e06ec889529d7349b39788768a6
96y	https://nds.iaea.org/relnsd/v1/data?fields=levels&nuclides=96y	2026-10-02T13:58:03+09:00	200	1256	0d0eda18337aa16c930334a979ea60a2f6e3f28454346122d66691c2babae8a7
97y	https://nds.iaea.org/relnsd/v1/data?fields=levels&nuclides=97y	2026-10-02T13:58:05+09:00	200	3215	f02bc4f0dae1b8e78f447c3eb51835a7380bd7601816acc23c1231ae605951e5
98y	https://nds.iaea.org/relnsd/v1/data?fields=levels&nuclides=98y	2026-10-02T13:58:06+09:00	200	5970	ff0b6b1055b27e0c67e05a6f9186bc3b27908b920a997955e5c7427e9fa5b5f0
99y	https://nds.iaea.org/relnsd/v1/data?fields=levels&nuclides=99y	2026-10-02T13:58:12+09:00	200	4970	764c3cbcecba4705eba891be995ef918eaff9717efb48b686e78039f317ce2c2
100y	https://nds.iaea.org/relnsd/v1/data?fields=levels&nuclides=100y	2026-10-02T13:58:14+09:00	200	3488	5662a803726fa5e4b75e628bca9885cd483f8195fa0f0cbd8e41b60e1731fd8e
101y	https://nds.iaea.org/relnsd/v1/data?fields=levels&nuclides=101y	2026-10-02T13:58:16+09:00	200	3864	410afa68d9db9a4d39b12e09c2e18bfd29315e231434e55a30cb38cd97f654d5
102y	https://nds.iaea.org/relnsd/v1/data?fields=levels&nuclides=102y	2026-10-02T13:58:18+09:00	200	1303	eccda315e89a55190bfe2e99e5ab9dc984a5a5709ee0849d6fb19eaa11498d30
83zr	https://nds.iaea.org/relnsd/v1/data?fields=levels&nuclides=83zr	2026-10-02T13:58:20+09:00	200	11896	7221180909863ac856fda9a23b9e9376696e7cb91b545ce0926f2485248debda
85zr	https://nds.iaea.org/relnsd/v1/data?fields=levels&nuclides=85zr	2026-10-02T13:58:22+09:00	200	5355	21e59c4edb5f3a7dc0c16ef561b34bc7ebbba9b3f482efb846e666211ef8344e
87zr	https://nds.iaea.org/relnsd/v1/data?fields=levels&nuclides=87zr	2026-10-02T13:58:25+09:00	200	7361	b8af9e6471f075e7ef69028fe64e7cdfb44ea8d29d0779d70f976bf2a0882731
88zr	https://nds.iaea.org/relnsd/v1/data?fields=levels&nuclides=88zr	2026-10-02T13:58:27+09:00	200	10418	a11aa7ed664b64063c3bd8a382a8d04581a8addde9518e05188469c02afea50d
89zr	https://nds.iaea.org/relnsd/v1/data?fields=levels&nuclides=89zr	2026-10-02T13:58:29+09:00	200	14456	7780e279fc35d42a49a31eafcbe504f31df1efb9c36adff150ea2557950fd883
90zr	https://nds.iaea.org/relnsd/v1/data?fields=levels&nuclides=90zr	2026-10-02T13:58:32+09:00	200	47648	566fccc22da99f6c114b05633933dffb4188089f952e4c62015547452a93b71f
91zr	https://nds.iaea.org/relnsd/v1/data?fields=levels&nuclides=91zr	2026-10-02T13:58:35+09:00	200	31417	75a2bd6af290a8448b18ee514c64444d42c427b1294bacdbf70672a602dd7059
97zr	https://nds.iaea.org/relnsd/v1/data?fields=levels&nuclides=97zr	2026-10-02T13:58:37+09:00	200	4846	a22517fce184bf16b3aa61babb1b0e5ef2e660ab112f0a9d6a432f8120950891
98zr	https://nds.iaea.org/relnsd/v1/data?fields=levels&nuclides=98zr	2026-10-02T13:58:39+09:00	200	7429	c789b18178ddb716f5352e3d749089fe0492d1c91c7a900e6d1dfcfc2d70c361
99zr	https://nds.iaea.org/relnsd/v1/data?fields=levels&nuclides=99zr	2026-10-02T13:58:41+09:00	200	8138	f332ff368f3fa59bdfb1e268fedb646f45edb2b05cd4decf22d90f92e87dd810
108zr	https://nds.iaea.org/relnsd/v1/data?fields=levels&nuclides=108zr	2026-10-02T13:58:42+09:00	200	1231	c36a8bca0d853e964179a46f014c05164755c4746b5c284d40e352e140aa010f
82nb	https://nds.iaea.org/relnsd/v1/data?fields=levels&nuclides=82nb	2026-10-02T13:58:44+09:00	200	743	c5aaa71d519088ac2923b264769dd6b278416a451fa89166436487050253e268
84nb	https://nds.iaea.org/relnsd/v1/data?fields=levels&nuclides=84nb	2026-10-02T13:58:47+09:00	200	6152	7c6f228ea95aa442e867347550cd18990d6467eee0fa88ee17922ff56e1a3c34
85nb	https://nds.iaea.org/relnsd/v1/data?fields=levels&nuclides=85nb	2026-10-02T13:58:48+09:00	200	4946	dffdd497ee0d5c6b9668cb359c31807f69e95a17bad10024cf1b5f93703590f1
86nb	https://nds.iaea.org/relnsd/v1/data?fields=levels&nuclides=86nb	2026-10-02T13:58:51+09:00	200	11311	3b0017b024083b995da639e41415b68a181aa7f7c04faf807d19f3d5145dfa1c
87nb	https://nds.iaea.org/relnsd/v1/data?fields=levels&nuclides=87nb	2026-10-02T13:58:53+09:00	200	15647	45a1d447c3c441656b2111f7056e8004b9564e2b4c5c322d0144267949f1aef7
88nb	https://nds.iaea.org/relnsd/v1/data?fields=levels&nuclides=88nb	2026-10-02T13:58:55+09:00	200	5303	60a0ce925f240e60defeb5f4a47ea44b00c9a5e0acc0a47fb93cf4f704a97963
89nb	https://nds.iaea.org/relnsd/v1/data?fields=levels&nuclides=89nb	2026-10-02T13:58:57+09:00	200	4799	5a977f7bb9b169545403319ee93467d3c15d136a52337a1ee6487645a51fa7dd
90nb	https://nds.iaea.org/relnsd/v1/data?fields=levels&nuclides=90nb	2026-10-02T13:59:00+09:00	200	10552	379c2572497178e8d6a35a6204c0ff89f909a0617818a9f88d69c71d155b97e6
91nb	https://nds.iaea.org/relnsd/v1/data?fields=levels&nuclides=91nb	2026-10-02T13:59:02+09:00	200	15228	8aa4291e6bb3ad3817cf71150a6abd35017829507863592079781a8c5289e6d2
92nb	https://nds.iaea.org/relnsd/v1/data?fields=levels&nuclides=92nb	2026-10-02T13:59:04+09:00	200	15382	3170b48ec7e3439f614f5f8805c6af4d3643cb6133ff00dc46ad6eda00dd2eb1
93nb	https://nds.iaea.org/relnsd/v1/data?fields=levels&nuclides=93nb	2026-10-02T13:59:07+09:00	200	14447	fb96ed0ab5a6d70fc6077bc70e30215584186ae4cc001ee66446917758094aa5
94nb	https://nds.iaea.org/relnsd/v1/data?fields=levels&nuclides=94nb	2026-10-02T13:59:10+09:00	200	40578	5d7a60c549869d45cc5a411572b09571b0850811144249063942a07bab7fa42f
95nb	https://nds.iaea.org/relnsd/v1/data?fields=levels&nuclides=95nb	2026-10-02T13:59:12+09:00	200	15025	c9ea97fff8ced1690c74bb74a7ba81b10a39a5aa2e9d01b438abdc18baf5f4ed
97nb	https://nds.iaea.org/relnsd/v1/data?fields=levels&nuclides=97nb	2026-10-02T13:59:14+09:00	200	5613	3da9330c6e4dcbdc124652e19c46cd40babb78976020bc570ba206079a0d638e
98nb	https://nds.iaea.org/relnsd/v1/data?fields=levels&nuclides=98nb	2026-10-02T13:59:16+09:00	200	1934	a41023749440425110b5188612c62ddd1077f2888657e9f0758c1ae0a0ec40cd
99nb	https://nds.iaea.org/relnsd/v1/data?fields=levels&nuclides=99nb	2026-10-02T13:59:18+09:00	200	2893	cec71cec5cf5d66b21a5fb82bd8345ba674635ffd3f405fd01f6ba3310facb4c
100nb	https://nds.iaea.org/relnsd/v1/data?fields=levels&nuclides=100nb	2026-10-02T13:59:20+09:00	200	4954	fd33668b29cddd616398433a4c05b13daf1f681e73176c067b07da469e392555
102nb	https://nds.iaea.org/relnsd/v1/data?fields=levels&nuclides=102nb	2026-10-02T13:59:21+09:00	200	3750	7e2955c3040d8354f0b39e585067b6b0723ab18bb7f4d80df4f9a9e090dcf62c
104nb	https://nds.iaea.org/relnsd/v1/data?fields=levels&nuclides=104nb	2026-10-02T13:59:24+09:00	200	1182	079e570ddb6ec6633eaf39b6c6f3209731673d45d570abd1c96c31d558e6245a
106nb	https://nds.iaea.org/relnsd/v1/data?fields=levels&nuclides=106nb	2026-10-02T13:59:26+09:00	200	1480	be41971a18873ac1979cd40ef2a3a25d91e5ac6ce29131523174e0065586d7a4
108nb	https://nds.iaea.org/relnsd/v1/data?fields=levels&nuclides=108nb	2026-10-02T13:59:27+09:00	200	705	321ce5465f95addba6b51954ed6ba3cdb89c64fbf317623e43a4625c708d7d03
109nb	https://nds.iaea.org/relnsd/v1/data?fields=levels&nuclides=109nb	2026-10-02T13:59:29+09:00	200	707	9458ba9a9cb12c6e71a58dc707c010982c5596efc565220ee2c9324bd80349f3
110nb	https://nds.iaea.org/relnsd/v1/data?fields=levels&nuclides=110nb	2026-10-02T13:59:31+09:00	200	426	edbe9206302253d6ce66379aa0b2ad30536ee3c25138f14caa1827b8cacc7286
89mo	https://nds.iaea.org/relnsd/v1/data?fields=levels&nuclides=89mo	2026-10-02T13:59:32+09:00	200	4025	3b71a208f4dc65fa1d75a380fc8882fc2c16fe6216115b4dbba0cd17296c8f84
90mo	https://nds.iaea.org/relnsd/v1/data?fields=levels&nuclides=90mo	2026-10-02T13:59:35+09:00	200	10557	05492ae0c9f0cb30e2827debeb03e9147840a616f896d9eeda2303aa1f4fb067
91mo	https://nds.iaea.org/relnsd/v1/data?fields=levels&nuclides=91mo	2026-10-02T13:59:37+09:00	200	14687	7b00fed17a14449ef3aaf0f757aea20385180f73d1f6785231677d85128225aa
92mo	https://nds.iaea.org/relnsd/v1/data?fields=levels&nuclides=92mo	2026-10-02T13:59:41+09:00	200	23340	e263edb5feeec112466d570be65adf453e479fa3a85091794173f90442e0874d
93mo	https://nds.iaea.org/relnsd/v1/data?fields=levels&nuclides=93mo	2026-10-02T13:59:43+09:00	200	15561	53c66f408e7d36fb854db29c247e169978ae7af44fb1a60554508db7fef70fd9
99mo	https://nds.iaea.org/relnsd/v1/data?fields=levels&nuclides=99mo	2026-10-02T13:59:46+09:00	200	14800	848f814dbe7c117408a34bac830b8fd4c64942db95234ff1aa5d816534e6b628
101mo	https://nds.iaea.org/relnsd/v1/data?fields=levels&nuclides=101mo	2026-10-02T13:59:48+09:00	200	6329	518fcdde24b22f45b206162eea4d3b1f58a8039e361c61a1fd0ee42a35565fe1
107mo	https://nds.iaea.org/relnsd/v1/data?fields=levels&nuclides=107mo	2026-10-02T13:59:50+09:00	200	4090	f4d2f1f5bfee8bde1e85c0297beb40d54e23a1db7b47dbffaac0ac343bb9f5c4
109mo	https://nds.iaea.org/relnsd/v1/data?fields=levels&nuclides=109mo	2026-10-02T13:59:52+09:00	200	2172	ac5911fe7c778016b1d15c4200baee8bd8907ceea60b726db5d8bc2d82e48378
111mo	https://nds.iaea.org/relnsd/v1/data?fields=levels&nuclides=111mo	2026-10-02T13:59:54+09:00	200	529	9ad980bd453db992c06924c4c3844ccd960959fa57761353f1fd0dea3eaed576
86tc	https://nds.iaea.org/relnsd/v1/data?fields=levels&nuclides=86tc	2026-10-02T13:59:56+09:00	200	890	45411ad44d7ed41c9a9d54effa529b2bb943f1af06febfe9165979e5a5150d2c
87tc	https://nds.iaea.org/relnsd/v1/data?fields=levels&nuclides=87tc	2026-10-02T13:59:57+09:00	200	954	bca959bc851b2a68772f7857e13576e9089a94dde2ff8bcb4ea5b12c9a2e6cb9
88tc	https://nds.iaea.org/relnsd/v1/data?fields=levels&nuclides=88tc	2026-10-02T14:00:00+09:00	200	1823	2086fb4db1e0daa8f04b933b4e31af67a9ec4a11ce970789eefcd10681571241
89tc	https://nds.iaea.org/relnsd/v1/data?fields=levels&nuclides=89tc	2026-10-02T14:00:02+09:00	200	5355	b7e69676a47f618d819332275e8347523a5ea80f94b6c94138ea8d823c253f7c
90tc	https://nds.iaea.org/relnsd/v1/data?fields=levels&nuclides=90tc	2026-10-02T14:00:04+09:00	200	6320	a8b250b166df28fa89aefbc2aa694ab8953ac36e193ab0e88f98d47f4d2cb41f
91tc	https://nds.iaea.org/relnsd/v1/data?fields=levels&nuclides=91tc	2026-10-02T14:00:06+09:00	200	8214	5328c09daa09d8b6530b4a9cf4ec4d0bc2491a142d4cc275decb9b0b88bb1b65
92tc	https://nds.iaea.org/relnsd/v1/data?fields=levels&nuclides=92tc	2026-10-02T14:00:08+09:00	200	5059	da59e7bb3ff71c3622f5998a4978c0ae837141ea4599d3c7081280c63dc143ca
93tc	https://nds.iaea.org/relnsd/v1/data?fields=levels&nuclides=93tc	2026-10-02T14:00:10+09:00	200	13854	1a9b28108208c7ec26f64f77b73452a7e12ff9c37b8b030a8146c5c437d01df6
94tc	https://nds.iaea.org/relnsd/v1/data?fields=levels&nuclides=94tc	2026-10-02T14:00:12+09:00	200	12635	bda117c5de221c4ae840f49c34a9a9118d1c260f3dda956edf667c71f4787c9c
95tc	https://nds.iaea.org/relnsd/v1/data?fields=levels&nuclides=95tc	2026-10-02T14:00:14+09:00	200	18708	b88b4d0dc98301f20d52981bd49d791c7bda6402d2ced2b3e665726b16b27646
96tc	https://nds.iaea.org/relnsd/v1/data?fields=levels&nuclides=96tc	2026-10-02T14:00:17+09:00	200	14236	d7ded5fa5acc56ca66d85d70dd534ef40d08427d8dd4b9f1ec8f43e1bf91bd6b
97tc	https://nds.iaea.org/relnsd/v1/data?fields=levels&nuclides=97tc	2026-10-02T14:00:19+09:00	200	18759	024e29e3f7cc14c6ab34aa86a568ba662d89752286aa02892fe19cb4a0b1fb61
98tc	https://nds.iaea.org/relnsd/v1/data?fields=levels&nuclides=98tc	2026-10-02T14:00:22+09:00	200	10580	40bd390068fb0722e1639d66cba6dc512ff681e8ac0b83eb3a2378659ef0be6b
99tc	https://nds.iaea.org/relnsd/v1/data?fields=levels&nuclides=99tc	2026-10-02T14:00:24+09:00	200	15412	22227f20e5219d8b253fe222631fa2510cd1fcf7fe958a19cecff9ded0306d86
100tc	https://nds.iaea.org/relnsd/v1/data?fields=levels&nuclides=100tc	2026-10-02T14:00:27+09:00	200	10117	0961210c85d60f5a4df078810cbbb9b83f48c3e1d36d63497337640a01ef77ea
101tc	https://nds.iaea.org/relnsd/v1/data?fields=levels&nuclides=101tc	2026-10-02T14:00:29+09:00	200	9126	12af5026643a4a5d2b68a10cf4449f96fab875057f01649fbb1f0a8980e50191
102tc	https://nds.iaea.org/relnsd/v1/data?fields=levels&nuclides=102tc	2026-10-02T14:00:30+09:00	200	2332	9b397629718105e87125acb4988a8bb6ef9b15c82ca58eda0c204856107a206a
104tc	https://nds.iaea.org/relnsd/v1/data?fields=levels&nuclides=104tc	2026-10-02T14:00:32+09:00	200	2042	1a5fb2472c815ba99ce7b265ae09054527a776cca5678aa66a0b220e7df9c714
107tc	https://nds.iaea.org/relnsd/v1/data?fields=levels&nuclides=107tc	2026-10-02T14:00:34+09:00	200	4109	9306234345cd24ceeb798d0b998390455ca9767f010f39b3b2a5b5073eec34bf
112tc	https://nds.iaea.org/relnsd/v1/data?fields=levels&nuclides=112tc	2026-10-02T14:00:36+09:00	200	661	bdb16831c618f19143425c5636f502385b2de20881015548c4c90c505d58b3b4
113tc	https://nds.iaea.org/relnsd/v1/data?fields=levels&nuclides=113tc	2026-10-02T14:00:38+09:00	200	544	f14e50b0ba4eb2b80faa7c55e03c7fa022ea5ee95b998cb1e0d5a61698114c65
114tc	https://nds.iaea.org/relnsd/v1/data?fields=levels&nuclides=114tc	2026-10-02T14:00:40+09:00	200	517	42c65a904b859b828078f2e2fb2db8642ec4a5a86055f9600e28a601b5830943
91ru	https://nds.iaea.org/relnsd/v1/data?fields=levels&nuclides=91ru	2026-10-02T14:00:42+09:00	200	4265	ae06e73b100d0b280d0132a1da8624b49140f44b829b211eb069ef04f47b8f17
92ru	https://nds.iaea.org/relnsd/v1/data?fields=levels&nuclides=92ru	2026-10-02T14:00:44+09:00	200	4356	b8deddf26159a658b994149422dc6f51fa2525c2ad76a56aceede306f4668880
93ru	https://nds.iaea.org/relnsd/v1/data?fields=levels&nuclides=93ru	2026-10-02T14:00:46+09:00	200	4760	fa483eba437afd2ef0745993deedf74b0a082105f871efb54df32093d5be599f
94ru	https://nds.iaea.org/relnsd/v1/data?fields=levels&nuclides=94ru	2026-10-02T14:00:48+09:00	200	9035	c0a9a4757dab17d7776aa239efe943e26b9a3df7e6d533f13661d0a6fbb538ef
101ru	https://nds.iaea.org/relnsd/v1/data?fields=levels&nuclides=101ru	2026-10-02T14:00:50+09:00	200	14038	e33cdd47e917ad96d5ffc588014caa0392b34f9b805d6f3f4d25acf08e3f93fb
103ru	https://nds.iaea.org/relnsd/v1/data?fields=levels&nuclides=103ru	2026-10-02T14:00:52+09:00	200	11752	713c98e6dfb3b67a2ab49e17222c53b79a62e90f796ea77c10849d3bafe2310e
105ru	https://nds.iaea.org/relnsd/v1/data?fields=levels&nuclides=105ru	2026-10-02T14:00:54+09:00	200	8939	0c78c8923224f014302f3cbf3a091385685d2fbaa7850e270bd2a53215b4475e
109ru	https://nds.iaea.org/relnsd/v1/data?fields=levels&nuclides=109ru	2026-10-02T14:00:56+09:00	200	7633	a86a7b2c614eb01bf66b371d9a65d484fb0fc9f0bfb9add87423ba340ce5e24b
113ru	https://nds.iaea.org/relnsd/v1/data?fields=levels&nuclides=113ru	2026-10-02T14:00:58+09:00	200	1936	29cd496c691c779d1cdbfd8fdbb96c30af05effd033649246758ae635d4552bf
115ru	https://nds.iaea.org/relnsd/v1/data?fields=levels&nuclides=115ru	2026-10-02T14:01:01+09:00	200	601	5a0aea297e56b5a86477299eaa5656b262f32234b9d7e85b09125d3971c6d79d
117ru	https://nds.iaea.org/relnsd/v1/data?fields=levels&nuclides=117ru	2026-10-02T14:01:02+09:00	200	688	7be8b7b144fb82b3edf01d57f2b4703169773a5ddc3072f7f178a28554e84aa1
119ru	https://nds.iaea.org/relnsd/v1/data?fields=levels&nuclides=119ru	2026-10-02T14:01:04+09:00	200	617	2b82df95f380b8a098d1142595f683c90851194987e7e4376011396df928c640
90rh	https://nds.iaea.org/relnsd/v1/data?fields=levels&nuclides=90rh	2026-10-02T14:01:06+09:00	200	563	3d2b1a6601d92b33eaa91a6f98879a96cfeee2251f5834ef48c7683ab27a4245
91rh	https://nds.iaea.org/relnsd/v1/data?fields=levels&nuclides=91rh	2026-10-02T14:01:08+09:00	200	2048	8539e503ef85063c0dc92c7d00210e2e7895fd39694cb47c64d4e12225ec93ab
92rh	https://nds.iaea.org/relnsd/v1/data?fields=levels&nuclides=92rh	2026-10-02T14:01:10+09:00	200	2406	4e472251c714e3a2e215778fa10fecb55e93b66a69cc24ec43f7af7bb9955997
94rh	https://nds.iaea.org/relnsd/v1/data?fields=levels&nuclides=94rh	2026-10-02T14:01:12+09:00	200	4804	9ed520442697fcd58a380e84d8a2efe133060ddf9da3e407dcbf2e46b2535f60
95rh	https://nds.iaea.org/relnsd/v1/data?fields=levels&nuclides=95rh	2026-10-02T14:01:13+09:00	200	6673	f4ae305a84e82a4795b45b4d507690883ec7941d4249d3fe0a8c56715f56a8de
96rh	https://nds.iaea.org/relnsd/v1/data?fields=levels&nuclides=96rh	2026-10-02T14:01:15+09:00	200	5541	f62adaec4dd6e5decbe96bb2e89ad9bcabb502ff91fe5ea63e5c8971a5a3ada5
97rh	https://nds.iaea.org/relnsd/v1/data?fields=levels&nuclides=97rh	2026-10-02T14:01:17+09:00	200	7719	cc21822e4aada394b8817d4023169038ac98a81cd98cd58764eaf97fece15a99
98rh	https://nds.iaea.org/relnsd/v1/data?fields=levels&nuclides=98rh	2026-10-02T14:01:20+09:00	200	7515	e0671fb4d30e87718bca2539e87d763a5c25c22594b5d5bdecaa87d0dfb902e3
99rh	https://nds.iaea.org/relnsd/v1/data?fields=levels&nuclides=99rh	2026-10-02T14:01:22+09:00	200	16686	8167ebca9f566fad4a3f436bc00593c41f8b10b5f3d14798b9c807d1771fc3fc
100rh	https://nds.iaea.org/relnsd/v1/data?fields=levels&nuclides=100rh	2026-10-02T14:01:24+09:00	200	7657	53c528adb5dcbc9e02077a27dec15f4c9ccf80c1ec20c02ee345ea0e3d7e9cf3
101rh	https://nds.iaea.org/relnsd/v1/data?fields=levels&nuclides=101rh	2026-10-02T14:01:27+09:00	200	11709	d7cc4e92a39cf7e30bfcb9037d64124e9b01b9e61e04d07dc4d2be9b7541c31a
102rh	https://nds.iaea.org/relnsd/v1/data?fields=levels&nuclides=102rh	2026-10-02T14:01:29+09:00	200	11869	4f328e00530c160e13f9612dc938e9ee1f3dc4607be69ef1b8f0d5b9d529ce63
103rh	https://nds.iaea.org/relnsd/v1/data?fields=levels&nuclides=103rh	2026-10-02T14:01:32+09:00	200	18633	5500af07656d8974d95450962a3d488f36779899eb8ad2f2f0f8efd3fecbc65a
104rh	https://nds.iaea.org/relnsd/v1/data?fields=levels&nuclides=104rh	2026-10-02T14:01:34+09:00	200	17327	89fe78d31f66b169a788eb9718e74d4562b08002f8832522c5442635840d962c
105rh	https://nds.iaea.org/relnsd/v1/data?fields=levels&nuclides=105rh	2026-10-02T14:01:37+09:00	200	17343	8d6c149a43167c1465e3e7c67021476264a7caaf7792188754f6c3a6c34ca68e
106rh	https://nds.iaea.org/relnsd/v1/data?fields=levels&nuclides=106rh	2026-10-02T14:01:39+09:00	200	2963	ff88772daed2bd4d0b5ea664aec94dad8c973fdfc3c09b9cbb50ebd707791c00
107rh	https://nds.iaea.org/relnsd/v1/data?fields=levels&nuclides=107rh	2026-10-02T14:01:41+09:00	200	7819	bd856e9d3cf1c26a49673d7e76daa77607fcd124da989a9a1423d12fb8c58a5c
108rh	https://nds.iaea.org/relnsd/v1/data?fields=levels&nuclides=108rh	2026-10-02T14:01:44+09:00	200	1561	7e1671041b6924e4546386271e19c0940101203702eeb88b8893a7fd2d907908
109rh	https://nds.iaea.org/relnsd/v1/data?fields=levels&nuclides=109rh	2026-10-02T14:01:46+09:00	200	10520	410bdc1abd5ed3623d86e19da4c779cbeddc2e36f684c51bbb9fb85f3643d707
110rh	https://nds.iaea.org/relnsd/v1/data?fields=levels&nuclides=110rh	2026-10-02T14:01:47+09:00	200	1958	53c1d3744dc6e872e458a6e68a8f5d4aa4d57949a9c4cd97026e1efc9bba6305
112rh	https://nds.iaea.org/relnsd/v1/data?fields=levels&nuclides=112rh	2026-10-02T14:01:49+09:00	200	2586	195d1cee6345922fb074cbd2eb1cfa028fab66db5f26a13d2496ffa41fcc2581
114rh	https://nds.iaea.org/relnsd/v1/data?fields=levels&nuclides=114rh	2026-10-02T14:01:51+09:00	200	1910	256539a464b1d132e12d63fb5e2781855b470fbad31b5baa5ccec4ed687a9b46
116rh	https://nds.iaea.org/relnsd/v1/data?fields=levels&nuclides=116rh	2026-10-02T14:01:52+09:00	200	503	e3a32b0c70505f136dbc9e191bbd9082f058703a8e29d06c3dc75a9de066aaea
117rh	https://nds.iaea.org/relnsd/v1/data?fields=levels&nuclides=117rh	2026-10-02T14:01:54+09:00	200	408	093205bc3cb7944341bec8622908420a458938b40a5d190fb8679643e9325201
118rh	https://nds.iaea.org/relnsd/v1/data?fields=levels&nuclides=118rh	2026-10-02T14:01:56+09:00	200	743	1aaa34e0db37fe42cf95859c591e51723834c5f0c9036bb61e00703cc540309d
120rh	https://nds.iaea.org/relnsd/v1/data?fields=levels&nuclides=120rh	2026-10-02T14:01:58+09:00	200	616	5583e917d1c77dd1c34c7998144a23e642d9b71cd173e121b5087b9eed006e5e
122rh	https://nds.iaea.org/relnsd/v1/data?fields=levels&nuclides=122rh	2026-10-02T14:02:01+09:00	200	605	1bfaae4bba1ed1b807e6c2d72a360de5d6efd42f98dcada316f52845a7fd327f
94pd	https://nds.iaea.org/relnsd/v1/data?fields=levels&nuclides=94pd	2026-10-02T14:02:02+09:00	200	2157	c5c9eeeb67c2b71e311dd3684212dd31920426d9f67307e5ae65171fc771b738
95pd	https://nds.iaea.org/relnsd/v1/data?fields=levels&nuclides=95pd	2026-10-02T14:02:04+09:00	200	5413	a2761de2085b8f8be2429d0f774149591cf90e774e1a616be75b84da0b7673a1
96pd	https://nds.iaea.org/relnsd/v1/data?fields=levels&nuclides=96pd	2026-10-02T14:02:06+09:00	200	2024	c26c90c8279b50d1c284b9dc73d971838a0d7ed3d16d76de474d1742a8d7c90f
105pd	https://nds.iaea.org/relnsd/v1/data?fields=levels&nuclides=105pd	2026-10-02T14:02:08+09:00	200	14554	2b6cf571c7f0afa1ac606fc92a0d44916b29c32987bc5a338ae7f57b4c6d739e
107pd	https://nds.iaea.org/relnsd/v1/data?fields=levels&nuclides=107pd	2026-10-02T14:02:10+09:00	200	9472	44dc2143ce69ebb95f423eb104200fd0751c08d0339b36a8748fe5b7042e287d
109pd	https://nds.iaea.org/relnsd/v1/data?fields=levels&nuclides=109pd	2026-10-02T14:02:12+09:00	200	17275	3e713dea4cf509b012cfcd0d7bbc94de40d9f0b81c411082b29fe18836486740
111pd	https://nds.iaea.org/relnsd/v1/data?fields=levels&nuclides=111pd	2026-10-02T14:02:14+09:00	200	4343	692a1bec16484d1d65c95253c0114da4419d4beb7f7d3019c3d2737b29b1f169
113pd	https://nds.iaea.org/relnsd/v1/data?fields=levels&nuclides=113pd	2026-10-02T14:02:16+09:00	200	4021	ca4183dd80e51b0fd83de7b8fa67bfcf615f62d9ac773d594fffcc1cfea5debd
115pd	https://nds.iaea.org/relnsd/v1/data?fields=levels&nuclides=115pd	2026-10-02T14:02:17+09:00	200	2700	ef44c2eac2d9fda8fde477c0d85cd78a54defd68806b01723cae93cf14f1bfef
117pd	https://nds.iaea.org/relnsd/v1/data?fields=levels&nuclides=117pd	2026-10-02T14:02:20+09:00	200	1699	f240837a5d583b7c256dae61c4b093cd3593fde94802d9a118189988b2a3bea5
119pd	https://nds.iaea.org/relnsd/v1/data?fields=levels&nuclides=119pd	2026-10-02T14:02:22+09:00	200	434	45bfc491e5bb2af475edb5e113886dac7469117815686c7fc50208bdbf6e14a8
121pd	https://nds.iaea.org/relnsd/v1/data?fields=levels&nuclides=121pd	2026-10-02T14:02:23+09:00	200	477	9c94a22a5f9674eb9a3b283b000a7330a77ebea6b6365941e4c03b68f2da6755
123pd	https://nds.iaea.org/relnsd/v1/data?fields=levels&nuclides=123pd	2026-10-02T14:02:25+09:00	200	485	f111afb5dcbc359a105df19b3f8401a6941ca2051d48813004e3e991a9b97722
124pd	https://nds.iaea.org/relnsd/v1/data?fields=levels&nuclides=124pd	2026-10-02T14:02:27+09:00	200	758	0fbb5f2e904fafc0a7f546d3d0d5b04f0c5c4d034b0acbb66fc9d48bacc28647
125pd	https://nds.iaea.org/relnsd/v1/data?fields=levels&nuclides=125pd	2026-10-02T14:02:28+09:00	200	406	cdd4ca296cdc7d81594cf6818fa564d142a8528f5d20eae270faabc49da134ba
126pd	https://nds.iaea.org/relnsd/v1/data?fields=levels&nuclides=126pd	2026-10-02T14:02:31+09:00	200	1098	e51784ac97bf873bdf8a8de2d8a91ab857b64c5cea77d54aca2b5e08a6b54c6d
127pd	https://nds.iaea.org/relnsd/v1/data?fields=levels&nuclides=127pd	2026-10-02T14:02:33+09:00	200	410	c3b50da0a96db88bbc4bc8a9aa07eef0e48593733b4c1430f64cbd4bfcca8f79
128pd	https://nds.iaea.org/relnsd/v1/data?fields=levels&nuclides=128pd	2026-10-02T14:02:34+09:00	200	782	3b4a5b122e64baba041fdbc5b2319a582ad524cc519b4daec7c064fedb85de42
94ag	https://nds.iaea.org/relnsd/v1/data?fields=levels&nuclides=94ag	2026-10-02T14:02:36+09:00	200	701	f927d9cb65e74ba19d187005f9838341a8d002e1b6762239a1d67f9e4098d3aa
95ag	https://nds.iaea.org/relnsd/v1/data?fields=levels&nuclides=95ag	2026-10-02T14:02:38+09:00	200	2129	7240ff265db014e6b8b0049273f44a2af8db64835774fc693bf7c421ee2df35c
96ag	https://nds.iaea.org/relnsd/v1/data?fields=levels&nuclides=96ag	2026-10-02T14:02:39+09:00	200	698	52b484e65ef4337021360d1f461f769ffa61f168987dc8d2d5c7d8ea05860d9a
97ag	https://nds.iaea.org/relnsd/v1/data?fields=levels&nuclides=97ag	2026-10-02T14:02:41+09:00	200	1397	fde996c5d264540e22e1124d3f70ac2f7447959959dadbd6decfbda1c9e43dca
98ag	https://nds.iaea.org/relnsd/v1/data?fields=levels&nuclides=98ag	2026-10-02T14:02:43+09:00	200	2414	e353cab29375e3fafdbe939a389fd461dccd195f2164ff1d0d30657c9c963f74
99ag	https://nds.iaea.org/relnsd/v1/data?fields=levels&nuclides=99ag	2026-10-02T14:02:45+09:00	200	3010	76df444cbb59206920647cc24b3e1b716b4de9e991113996c424516dde3b9e98
100ag	https://nds.iaea.org/relnsd/v1/data?fields=levels&nuclides=100ag	2026-10-02T14:02:47+09:00	200	6105	1e83f3351157d3d20f868ef89f5f10699592de4674d4d9ab576df6c3cf3759d0
101ag	https://nds.iaea.org/relnsd/v1/data?fields=levels&nuclides=101ag	2026-10-02T14:02:49+09:00	200	9737	24e9feeb78e3c8d60e17bc7d1f1daddbe0e9fee4a27bfc5965093e72b5c0bdc3
102ag	https://nds.iaea.org/relnsd/v1/data?fields=levels&nuclides=102ag	2026-10-02T14:02:51+09:00	200	5290	bcfa27efe1df48e2eae8428764d3a4f539097409309f20c231fa9983774f7e49
103ag	https://nds.iaea.org/relnsd/v1/data?fields=levels&nuclides=103ag	2026-10-02T14:02:53+09:00	200	11679	730f68a3321292ab830d7655b3f105fa7a816ea69f62e2149e5911d15ab845bb
104ag	https://nds.iaea.org/relnsd/v1/data?fields=levels&nuclides=104ag	2026-10-02T14:02:55+09:00	200	7849	57f44ba35e5266e3c376553f93a7f36ea585793dcb09df6ab89a50c22c9619fe
105ag	https://nds.iaea.org/relnsd/v1/data?fields=levels&nuclides=105ag	2026-10-02T14:02:57+09:00	200	22078	29f711fe4933763fa9998f4407411fe013b19da8f340210641a4c72bef939397
106ag	https://nds.iaea.org/relnsd/v1/data?fields=levels&nuclides=106ag	2026-10-02T14:03:00+09:00	200	15982	4c2930a6471ad9d105b02e5c1d1138b9837805c2a7ae9d3d97daed264e68e818
107ag	https://nds.iaea.org/relnsd/v1/data?fields=levels&nuclides=107ag	2026-10-02T14:03:02+09:00	200	12988	41a1d2020b8e942cf958d211bdae1c3ed42ce7a754a7cf1b661e5533e3ffd7b1
108ag	https://nds.iaea.org/relnsd/v1/data?fields=levels&nuclides=108ag	2026-10-02T14:03:04+09:00	200	15223	c0accaf08b9881366eebb968d580923b8596ca115a85bb3ea0069b601d1d0821
109ag	https://nds.iaea.org/relnsd/v1/data?fields=levels&nuclides=109ag	2026-10-02T14:03:07+09:00	200	11868	4515c4ec5eadca226a94c41f25f727723324cd15d7b1f772ff70f32fe0185d71
110ag	https://nds.iaea.org/relnsd/v1/data?fields=levels&nuclides=110ag	2026-10-02T14:03:08+09:00	200	11917	9cd8fde7af9a7252cfa686f30a5953e84d4580231864e8700daab3491be706ab
111ag	https://nds.iaea.org/relnsd/v1/data?fields=levels&nuclides=111ag	2026-10-02T14:03:10+09:00	200	11468	4cec3fe569047aac45b6723145668594cb18a5b75243725f096d6f70ed88f654
113ag	https://nds.iaea.org/relnsd/v1/data?fields=levels&nuclides=113ag	2026-10-02T14:03:12+09:00	200	1823	4fb8955bbca708f9d6f1aa2bb4504fa1c591dd72a5e73deb709ecd0ef7c0dc07
114ag	https://nds.iaea.org/relnsd/v1/data?fields=levels&nuclides=114ag	2026-10-02T14:03:15+09:00	200	1456	ef76ba697d2d45346d9957dd94cb02cec5c51f1c4fed138063ca6c168b63e856
115ag	https://nds.iaea.org/relnsd/v1/data?fields=levels&nuclides=115ag	2026-10-02T14:03:16+09:00	200	3805	989537b2cb6876e630ce20f3e0477d85a049803befe6fbe4f1c14809fb7c292d
116ag	https://nds.iaea.org/relnsd/v1/data?fields=levels&nuclides=116ag	2026-10-02T14:03:18+09:00	200	1877	fbc6be071bda2f1233abe5b32cf30b594a638de14f0413e2d8fc83f301b9485b
117ag	https://nds.iaea.org/relnsd/v1/data?fields=levels&nuclides=117ag	2026-10-02T14:03:21+09:00	200	693	fdc178f75746a201ee2ffa0d2ad256893e2afcf263db8a8bfeaa13830b02335e
118ag	https://nds.iaea.org/relnsd/v1/data?fields=levels&nuclides=118ag	2026-10-02T14:03:22+09:00	200	1631	96a3391df8d6fcc51639140c0726534303b2ab3e05a376b678fdb89f92f6584a
119ag	https://nds.iaea.org/relnsd/v1/data?fields=levels&nuclides=119ag	2026-10-02T14:03:24+09:00	200	941	5380333c3b5e341e55363071ff5c1c30be41daf29f59fde8ed188c52ff26abef
120ag	https://nds.iaea.org/relnsd/v1/data?fields=levels&nuclides=120ag	2026-10-02T14:03:26+09:00	200	1018	2de79f34e4677de3e3134085878b300d8500ebc73cbe481bb5e60668ed2a7d7c
121ag	https://nds.iaea.org/relnsd/v1/data?fields=levels&nuclides=121ag	2026-10-02T14:03:29+09:00	200	416	73b208a794008bec105381f7b94b31840b841e4aaa747f24b980323a462fd2e7
122ag	https://nds.iaea.org/relnsd/v1/data?fields=levels&nuclides=122ag	2026-10-02T14:03:31+09:00	200	618	50d701cc793a284d659b048361975892b154c01376cbc877bd554e553152788a
123ag	https://nds.iaea.org/relnsd/v1/data?fields=levels&nuclides=123ag	2026-10-02T14:03:33+09:00	200	1930	be28839a820b441a2e380a988041119774d54adf058bba5d609c8a1d5b1b3717
124ag	https://nds.iaea.org/relnsd/v1/data?fields=levels&nuclides=124ag	2026-10-02T14:03:35+09:00	200	768	70fb4e2b65e5c263a6c325e52dcf6bbe1c9a349927f1673eb114ddfdf6905ef9
125ag	https://nds.iaea.org/relnsd/v1/data?fields=levels&nuclides=125ag	2026-10-02T14:03:37+09:00	200	1385	f6aff93f8c6be827796145ae3277218845592320786c9a06aaa4555b328cfdfc
126ag	https://nds.iaea.org/relnsd/v1/data?fields=levels&nuclides=126ag	2026-10-02T14:03:38+09:00	200	1332	7de96ac433909323ef519ee0a3d37ea9b5cddc4ea2f50f5a837e7d6fd6c44178
127ag	https://nds.iaea.org/relnsd/v1/data?fields=levels&nuclides=127ag	2026-10-02T14:03:41+09:00	200	404	82104a5de32209b35b402972e075fd30485bbb341b2822bbe73728390a23adff
129ag	https://nds.iaea.org/relnsd/v1/data?fields=levels&nuclides=129ag	2026-10-02T14:03:42+09:00	200	588	bc640e2dca63b106a80ad570d1feaf973af8f998a2e85aa562b06027283bc543
96cd	https://nds.iaea.org/relnsd/v1/data?fields=levels&nuclides=96cd	2026-10-02T14:03:45+09:00	200	414	a623165b232ac8e48cf83d0be475bde244e925861b4d5e9f12ac165169b55188
97cd	https://nds.iaea.org/relnsd/v1/data?fields=levels&nuclides=97cd	2026-10-02T14:03:47+09:00	200	404	15218a559731025d7b4a5d55826e89b3c2dfadb859304fbf44c7d435bc3eb71f
98cd	https://nds.iaea.org/relnsd/v1/data?fields=levels&nuclides=98cd	2026-10-02T14:03:48+09:00	200	1127	85d4f5b92513d23e81c1179bd5bc4c22e91217e38ffa0f2de17fb66043290c65
105cd	https://nds.iaea.org/relnsd/v1/data?fields=levels&nuclides=105cd	2026-10-02T14:03:51+09:00	200	11194	c766a62bc1ad4ead263de863feeccec32999614d098cce9cd490805741333513
109cd	https://nds.iaea.org/relnsd/v1/data?fields=levels&nuclides=109cd	2026-10-02T14:03:53+09:00	200	20880	83df4121063a7aa6c33821dac8c29db2af691dc874889d72ff16fbd0f8852308
111cd	https://nds.iaea.org/relnsd/v1/data?fields=levels&nuclides=111cd	2026-10-02T14:03:55+09:00	200	15389	1973b51839ff01abce9ea3407bc3453c24c0b09b581368a4ae03b5c116b01cad
113cd	https://nds.iaea.org/relnsd/v1/data?fields=levels&nuclides=113cd	2026-10-02T14:03:58+09:00	200	19661	b890ecc59dea14b2cd1db334deefd41116805b591bb94f87a098b5b1c07584e3
115cd	https://nds.iaea.org/relnsd/v1/data?fields=levels&nuclides=115cd	2026-10-02T14:04:00+09:00	200	6428	7c0b7ccc746f0871de19363395874effec8b4c9c3eb3be76be1e3049aec3f33e
117cd	https://nds.iaea.org/relnsd/v1/data?fields=levels&nuclides=117cd	2026-10-02T14:04:02+09:00	200	5305	4a99046f12d06ff38f474394181dec498e4d36a1ce82ab6c7b0ee1cd2f2c2df8
119cd	https://nds.iaea.org/relnsd/v1/data?fields=levels&nuclides=119cd	2026-10-02T14:04:04+09:00	200	4608	19ac63c16f91eadc2ab61a3e2e93149ce8f55a5fc67b272981bfaa5e13fcd87e
121cd	https://nds.iaea.org/relnsd/v1/data?fields=levels&nuclides=121cd	2026-10-02T14:04:06+09:00	200	5600	400cbb59a401262ea304474792afed04bba9c4ee916d983f6be71898f138af2e
123cd	https://nds.iaea.org/relnsd/v1/data?fields=levels&nuclides=123cd	2026-10-02T14:04:08+09:00	200	2902	fec1707540846d0405fd7e39f26f5392f832c8b31f9ad5e97fe8b23bfbac6a87
125cd	https://nds.iaea.org/relnsd/v1/data?fields=levels&nuclides=125cd	2026-10-02T14:04:09+09:00	200	1233	4caa84676694157654160d31a9a49233100ce3c2c26df93c32fb5cd075233a01
127cd	https://nds.iaea.org/relnsd/v1/data?fields=levels&nuclides=127cd	2026-10-02T14:04:12+09:00	200	956	01c3be97a4e753ed7ea12d565acfebfef341d79807882e4605a9bfb1e310d010
128cd	https://nds.iaea.org/relnsd/v1/data?fields=levels&nuclides=128cd	2026-10-02T14:04:13+09:00	200	1631	5a6c1d2cf94c3b1ad601f4f68b9f33bc95011fc43797fb30aceb861921bb1e01
129cd	https://nds.iaea.org/relnsd/v1/data?fields=levels&nuclides=129cd	2026-10-02T14:04:15+09:00	200	823	305443fd80bf9f48f8b5f445cda7e5e6121bda1d26efff2224059a123d26f5c0
130cd	https://nds.iaea.org/relnsd/v1/data?fields=levels&nuclides=130cd	2026-10-02T14:04:17+09:00	200	773	3db3c1dc080246a1f09f8c0ca15b12f336df0354746a69be99c9c9c7bbe1a61f
97in	https://nds.iaea.org/relnsd/v1/data?fields=levels&nuclides=97in	2026-10-02T14:04:19+09:00	200	522	47f6fab035599064b4d4644fb22982c047f72b6227619c61979ce5e3305a8807
98in	https://nds.iaea.org/relnsd/v1/data?fields=levels&nuclides=98in	2026-10-02T14:04:20+09:00	200	558	49f48fd7260ac9dbd2c8f3532c0f958b64dc1b914f38463bb897e94f6c78f680
99in	https://nds.iaea.org/relnsd/v1/data?fields=levels&nuclides=99in	2026-10-02T14:04:22+09:00	200	415	708de5dc971e7413bcec2cffea76e773b138d6b23f528927c7517b8a14873b25
101in	https://nds.iaea.org/relnsd/v1/data?fields=levels&nuclides=101in	2026-10-02T14:04:24+09:00	200	1115	4eff4440d7d88cce0b3b89063f8892584c401d5a7bb7e1ddcf07aee0fd511e53
103in	https://nds.iaea.org/relnsd/v1/data?fields=levels&nuclides=103in	2026-10-02T14:04:25+09:00	200	3225	252ad31ed83ce8d2fadd6273ca2d7594c21fb87b9411994f50666d5a4d226a33
104in	https://nds.iaea.org/relnsd/v1/data?fields=levels&nuclides=104in	2026-10-02T14:04:28+09:00	200	5106	25d9e638b5c39457eb021608bae6ea41c38d656e936e967beddcfcad9352492c
105in	https://nds.iaea.org/relnsd/v1/data?fields=levels&nuclides=105in	2026-10-02T14:04:30+09:00	200	12838	5e2ddddb85eeeb6a87f2e665fa4340d3915fc8c5a6b8075afe9ebec42a553d5b
106in	https://nds.iaea.org/relnsd/v1/data?fields=levels&nuclides=106in	2026-10-02T14:04:32+09:00	200	4203	028994bad4831402c23e64334d73c26f7be7ac391e43185291c8beecf9e858aa
107in	https://nds.iaea.org/relnsd/v1/data?fields=levels&nuclides=107in	2026-10-02T14:04:34+09:00	200	5859	30ae72aae898645be892cc2753834939aa172ec6baf2b007b58a599aab403607
108in	https://nds.iaea.org/relnsd/v1/data?fields=levels&nuclides=108in	2026-10-02T14:04:36+09:00	200	13328	aa29ab561e3c19918016209c6344d2ac70dbc8b9aa2313699b6a96c663061809
109in	https://nds.iaea.org/relnsd/v1/data?fields=levels&nuclides=109in	2026-10-02T14:04:39+09:00	200	21452	8e45ee8f1731db0cc5e81f1e0baaffcc064728d0a8ac95d987ed764b9b471087
110in	https://nds.iaea.org/relnsd/v1/data?fields=levels&nuclides=110in	2026-10-02T14:04:42+09:00	200	16447	df38a62ae00e006505e190ccd765084e435662bd51bc21194df89e7cce091549
111in	https://nds.iaea.org/relnsd/v1/data?fields=levels&nuclides=111in	2026-10-02T14:04:44+09:00	200	20792	65087f247391c8309cf71d6a1a586dd819527ad8a5c295c7ba918d6b08f11527
112in	https://nds.iaea.org/relnsd/v1/data?fields=levels&nuclides=112in	2026-10-02T14:04:46+09:00	200	15055	7eab40fead73f00a24f91f2c0b17e3908c180c534f26b264cead5dcb9866e13b
113in	https://nds.iaea.org/relnsd/v1/data?fields=levels&nuclides=113in	2026-10-02T14:04:49+09:00	200	15508	e9e2403725183b2b6f4e5000a711f4c8915d9da2d25eec04bf38fd9ee6c1d005
114in	https://nds.iaea.org/relnsd/v1/data?fields=levels&nuclides=114in	2026-10-02T14:04:51+09:00	200	11696	8eb109356bb50432b2df47dce5b641b4a8ea36f691cf3d794d45a38ae7beed4f
115in	https://nds.iaea.org/relnsd/v1/data?fields=levels&nuclides=115in	2026-10-02T14:04:53+09:00	200	8977	2f750426f73200a030c453f0ade3e9954580728120387ee41b15f79072ff94ef
116in	https://nds.iaea.org/relnsd/v1/data?fields=levels&nuclides=116in	2026-10-02T14:04:54+09:00	200	7463	81585e9d8afffbf0ff56aeae2fae00d67aa96df5f0ad82875cd366398149b15d
117in	https://nds.iaea.org/relnsd/v1/data?fields=levels&nuclides=117in	2026-10-02T14:04:56+09:00	200	7675	8d1d9cd061eb56ca2c279a427be93615e9811a7afd88167faa32776d5735153d
118in	https://nds.iaea.org/relnsd/v1/data?fields=levels&nuclides=118in	2026-10-02T14:04:58+09:00	200	1772	98372199ef3d11ab198c3e697855a5bdb875247eabaaba958c7b564132b1db84
119in	https://nds.iaea.org/relnsd/v1/data?fields=levels&nuclides=119in	2026-10-02T14:05:00+09:00	200	9655	2698f525de9b2c10aa1eb61bac9fe250215953d3218670e5d4a568513d4af5b8
120in	https://nds.iaea.org/relnsd/v1/data?fields=levels&nuclides=120in	2026-10-02T14:05:02+09:00	200	707	b64e256078589d2339f79af073c7a2556843d61672000e54ca25fb63dd8227b1
121in	https://nds.iaea.org/relnsd/v1/data?fields=levels&nuclides=121in	2026-10-02T14:05:03+09:00	200	5979	54f3c5d0da1bb83808e2c1c1406b9151c79cd48ce68c3a38e6fd4fba9a9e0765
122in	https://nds.iaea.org/relnsd/v1/data?fields=levels&nuclides=122in	2026-10-02T14:05:06+09:00	200	1521	b0aa91e7b1592a727f18ef99f64be481e70e833be478879c9ce31f705e86c2c9
123in	https://nds.iaea.org/relnsd/v1/data?fields=levels&nuclides=123in	2026-10-02T14:05:08+09:00	200	3779	e51c6dfebcd2fb262eb2948c153799a29ac88c6854443d1f56860df1226eb648
124in	https://nds.iaea.org/relnsd/v1/data?fields=levels&nuclides=124in	2026-10-02T14:05:09+09:00	200	1154	6fa963f5614dc8be07eccb71c07322a9dbbb2b9dabad1752f9fb66c5d80777a4
125in	https://nds.iaea.org/relnsd/v1/data?fields=levels&nuclides=125in	2026-10-02T14:05:12+09:00	200	4051	c3dd3f3a00a51b9d3c2435785053f441344cb269f2649f279f9ec18edd02099a
126in	https://nds.iaea.org/relnsd/v1/data?fields=levels&nuclides=126in	2026-10-02T14:05:14+09:00	200	1799	168fcc245cf47574a3b4cb2b50bb97246ffc8e00167837fb9fe4474a79d740a7
127in	https://nds.iaea.org/relnsd/v1/data?fields=levels&nuclides=127in	2026-10-02T14:05:15+09:00	200	2121	a149266234c133e9f6cfc2bb46667c8844ada14dd8d6d62ad4c60afe2b72520d
128in	https://nds.iaea.org/relnsd/v1/data?fields=levels&nuclides=128in	2026-10-02T14:05:18+09:00	200	993	93b16663918bf59fcf93c364d56708efd6f1d1c0e3a846dbb8b7303524f3dad2
129in	https://nds.iaea.org/relnsd/v1/data?fields=levels&nuclides=129in	2026-10-02T14:05:20+09:00	200	2790	17d52d348a64e16e4466d35b037f68e310e765a92c4e1926b9dd9ba006686058
130in	https://nds.iaea.org/relnsd/v1/data?fields=levels&nuclides=130in	2026-10-02T14:05:21+09:00	200	1540	2782c13801ddd3ef6e0fd0a483cc7cc4aac7a42b2ff32944a7bed191b6927661
131in	https://nds.iaea.org/relnsd/v1/data?fields=levels&nuclides=131in	2026-10-02T14:05:23+09:00	200	993	58d8a7faa3b6d2891658d42bb9ecade184426f4435b14e25596248e364f1bdb4
133in	https://nds.iaea.org/relnsd/v1/data?fields=levels&nuclides=133in	2026-10-02T14:05:26+09:00	200	588	3f35117cf0b913f2d2c4b668c34e38ebd01ea44e5f7062298170636db2a926e3
134in	https://nds.iaea.org/relnsd/v1/data?fields=levels&nuclides=134in	2026-10-02T14:05:27+09:00	200	420	933a5924ea96263f902b8814b05193babf30b25a1e983c52d86dfccb6e93a1b6
100sn	https://nds.iaea.org/relnsd/v1/data?fields=levels&nuclides=100sn	2026-10-02T14:05:29+09:00	200	426	23310bb2cc04d34a7e477fd6cfda8dbca09ee364238c4b54c6b120a93a0b0d55
102sn	https://nds.iaea.org/relnsd/v1/data?fields=levels&nuclides=102sn	2026-10-02T14:05:31+09:00	200	753	40e24d8867fff4216f1d5de9729e62c3aa38abb571d607a4a03b2c9b497799c2
111sn	https://nds.iaea.org/relnsd/v1/data?fields=levels&nuclides=111sn	2026-10-02T14:05:34+09:00	200	11915	c6c7b7bb69245d26a39a9b48aa8bb935ca4dc962c8fdf41555256b7b439d3050
113sn	https://nds.iaea.org/relnsd/v1/data?fields=levels&nuclides=113sn	2026-10-02T14:05:36+09:00	200	16960	b45fc9e60f64e7facd0b17040f795052302da940aea30873cc7a4aa2038e6cfa
114sn	https://nds.iaea.org/relnsd/v1/data?fields=levels&nuclides=114sn	2026-10-02T14:05:38+09:00	200	25183	fff71dda47df77f237f3bd510e3c5c32550a003de740ba7503e7db43fe0ebc67
115sn	https://nds.iaea.org/relnsd/v1/data?fields=levels&nuclides=115sn	2026-10-02T14:05:41+09:00	200	15595	0d7895d72660d5c5605df709c2fe5e0355ffe94eb7da6e3aaaba9770686e0de7
116sn	https://nds.iaea.org/relnsd/v1/data?fields=levels&nuclides=116sn	2026-10-02T14:05:43+09:00	200	25507	188d507c2057c73c77dcdb87616c32b9ea7d3efdb21225117ca26b9020cfad76
117sn	https://nds.iaea.org/relnsd/v1/data?fields=levels&nuclides=117sn	2026-10-02T14:05:46+09:00	200	16650	f3c057524a127cbac66cae10b435c6749ba528abfe27badfc92e2dfed007483f
118sn	https://nds.iaea.org/relnsd/v1/data?fields=levels&nuclides=118sn	2026-10-02T14:05:49+09:00	200	13276	509ed7313c51bd53e8fb54d8ad98f600676a7bf2f1816b611c62915489a7bac9
119sn	https://nds.iaea.org/relnsd/v1/data?fields=levels&nuclides=119sn	2026-10-02T14:05:52+09:00	200	19198	798b497e44dac0770e21408dd23bd3d83cf24e5a6e54ba90708749e56f861a52
120sn	https://nds.iaea.org/relnsd/v1/data?fields=levels&nuclides=120sn	2026-10-02T14:05:54+09:00	200	14342	84120edd2bacf0e4efb1448f962b811269bc32ccf81b147d139846e334ca6398
121sn	https://nds.iaea.org/relnsd/v1/data?fields=levels&nuclides=121sn	2026-10-02T14:05:57+09:00	200	12246	8d62fc443b845b1e5d39725d7ddff3eb2baf0a3ac21495658c0a3bf654d9da6d
122sn	https://nds.iaea.org/relnsd/v1/data?fields=levels&nuclides=122sn	2026-10-02T14:06:00+09:00	200	8755	8a1f491493a2b0d6fb6816265cab3d783a1857b8c5d2250445710efecd4e61f8
123sn	https://nds.iaea.org/relnsd/v1/data?fields=levels&nuclides=123sn	2026-10-02T14:06:02+09:00	200	11122	4a42e5843d6cedfacea261cba07ac0bb59eebecc81be104a86958c1fba7b02a5
124sn	https://nds.iaea.org/relnsd/v1/data?fields=levels&nuclides=124sn	2026-10-02T14:06:04+09:00	200	25683	3cc7f25cdf310f88bece4cdf232679bd84c8505b3082e170adb85f4f5215a623
125sn	https://nds.iaea.org/relnsd/v1/data?fields=levels&nuclides=125sn	2026-10-02T14:06:06+09:00	200	7166	e21a172f61f52a145a3d328fc390eb2738a3fcffd3f7f878d21bdf9f77292b79
126sn	https://nds.iaea.org/relnsd/v1/data?fields=levels&nuclides=126sn	2026-10-02T14:06:08+09:00	200	11373	696601a47781141b3bbc209079551c3c4c7b4b05d79f62c1b22a5569ddeef956
127sn	https://nds.iaea.org/relnsd/v1/data?fields=levels&nuclides=127sn	2026-10-02T14:06:10+09:00	200	5152	aa63c4a1930d72371e9ca7071ad62214829b9adf7f8868f44f60b00f7c323164
128sn	https://nds.iaea.org/relnsd/v1/data?fields=levels&nuclides=128sn	2026-10-02T14:06:12+09:00	200	5573	6f29670a32dfdf530b05e3b229b1fbbe909e42b1f071bcad21b7b0db160cd04b
129sn	https://nds.iaea.org/relnsd/v1/data?fields=levels&nuclides=129sn	2026-10-02T14:06:14+09:00	200	4778	f52b6cec88505440710ec46c1850131548fc20e436ad2c9997cd8e869e5ac913
130sn	https://nds.iaea.org/relnsd/v1/data?fields=levels&nuclides=130sn	2026-10-02T14:06:15+09:00	200	2320	8dc23f03cd92d16e165cb6630b3f75075e0fec1b5fdffbad8350576bf5ff6b9c
