element	url	queried_at	http	sha256
hydrogen	https://www.ciaaw.org/hydrogen.htm	2026-10-02T11:42:59+09:00	200	eeb33c101263ab3047789c45758f2b2d63fd60622fd8e135c0af2d1a4e109d3b
lithium	https://www.ciaaw.org/lithium.htm	2026-10-02T11:43:01+09:00	200	7c5c73a99e46025f66d85ef21e7cb1430a09e2fbfbe124529df12e3aeac8b7f0
boron	https://www.ciaaw.org/boron.htm	2026-10-02T11:43:03+09:00	200	aef4532d8a981f9ebd30ca2a17337779d0ea251bf903bd5484c0c77f23671242
carbon	https://www.ciaaw.org/carbon.htm	2026-10-02T11:43:05+09:00	200	aa6d3e180ddf84060e3dfe5df234ca82af39e0fb98599e574e1150212f3253cc
nitrogen	https://www.ciaaw.org/nitrogen.htm	2026-10-02T11:43:07+09:00	200	952e604dd83fdcfeb7cbaeb89e3d3f7a1de99779ab46766c3fdd3d4795db3e56
oxygen	https://www.ciaaw.org/oxygen.htm	2026-10-02T11:43:09+09:00	200	84e5f787ceb9f6fc9fd4bbe755f8dfcafa23d3f503d1df91ff6809d2b8f6c981
magnesium	https://www.ciaaw.org/magnesium.htm	2026-10-02T11:43:11+09:00	200	f38cb32fd55348f62c6ffd327f0ee33bd48b8b3ebddcdd28571662c752e27821
silicon	https://www.ciaaw.org/silicon.htm	2026-10-02T11:43:13+09:00	200	6af8ddeaeee41f917071ddd594fbf5e6d276c249e7e36e76d4dc7b288c4116dd
sulfur	https://www.ciaaw.org/sulfur.htm	2026-10-02T11:43:14+09:00	200	5103098a7605eccb73932ec5058fd0b3a9a138d5089f2fd7acb7e52b730b5c12
chlorine	https://www.ciaaw.org/chlorine.htm	2026-10-02T11:43:16+09:00	200	a36f0c94be335176d108bc0f6db76d83728e592bf643ab9ce562c1d216078aa1
argon	https://www.ciaaw.org/argon.htm	2026-10-02T11:43:18+09:00	200	82b86b8f8a175852243761fda6814f5b2a55a77635a091e8cfc96ea8c0b28e5c
bromine	https://www.ciaaw.org/bromine.htm	2026-10-02T11:43:20+09:00	200	402751952b8c379ee79c20c106b3b7db501ed2dfe42a3cdb92331077c0991e20
thallium	https://www.ciaaw.org/thallium.htm	2026-10-02T11:43:22+09:00	200	5c85dbdcb6c951d13ac4ef05baff343364b0a4fb2ec238ff41e3fb042eda7b3c
lead	https://www.ciaaw.org/lead.htm	2026-10-02T11:43:24+09:00	200	f5e0940564d42973d968a6a62b05b63601f9ffa2745a99c8db68a1e8da2b7186
helium	https://www.ciaaw.org/helium.htm	2026-10-02T11:50:31+09:00	200	aa9199e33487611130a9ffbb360329743716f8b06c635c874c750a6363659023
beryllium	https://www.ciaaw.org/beryllium.htm	2026-10-02T11:50:33+09:00	200	e9ebe6bb53ad2212b0116d81ac7b1e8696f705e4c32d95ccb82d56017988756e
fluorine	https://www.ciaaw.org/fluorine.htm	2026-10-02T11:50:35+09:00	200	481b939e4d44f69eab9f8625b65005f2d0befc6653482d01b4d5b78f5f76ce51
neon	https://www.ciaaw.org/neon.htm	2026-10-02T11:50:37+09:00	200	b9a30ad77972f79c9999da9042753235a0410c0d0a6c66b6a301383b9c56baed
sodium	https://www.ciaaw.org/sodium.htm	2026-10-02T11:50:38+09:00	200	f64ca426916b67e7a01f530f4bc391e1f1e9721557bb8cb120066ae22d339863
aluminium	https://www.ciaaw.org/aluminium.htm	2026-10-02T11:50:40+09:00	200	7bdaa47e770030807af4b0b45331b087a6a149df818f1dc6d518a40627930715
phosphorus	https://www.ciaaw.org/phosphorus.htm	2026-10-02T11:50:42+09:00	200	b37a8096636ecdb79f8e6dec7c927a1dfa9b1f046ed0d73e4b1159cfc1157113
potassium	https://www.ciaaw.org/potassium.htm	2026-10-02T11:50:44+09:00	200	76601775315ccfeb53d6a2c6d643fe0a864e27ae891175431a7b3cf8a80b081f
calcium	https://www.ciaaw.org/calcium.htm	2026-10-02T11:50:46+09:00	200	a010ec0e7c74837a6bba864ed6539c344a19989ba17cad631577c8faa215fa48
scandium	https://www.ciaaw.org/scandium.htm	2026-10-02T11:50:49+09:00	200	d93cc77c9971ba4656eca175a0234c40f01a82bf99714ad08b57d78f9ab84901
titanium	https://www.ciaaw.org/titanium.htm	2026-10-02T11:50:51+09:00	200	da64dbf0c74f8f23a37013ad177a877c81153a9a8689af3d9ff660c47aeba860
vanadium	https://www.ciaaw.org/vanadium.htm	2026-10-02T11:50:52+09:00	200	62cdab777d4e5eac4c982d5acd93f5ac118da6e7ff9025fae0d531c49f4cada8
chromium	https://www.ciaaw.org/chromium.htm	2026-10-02T11:50:54+09:00	200	9d720baf4897b9b5110cfc61067077e099e240a92633c46844b0d93ba8e898e4
manganese	https://www.ciaaw.org/manganese.htm	2026-10-02T11:50:56+09:00	200	3c9dac631d07171d8aae620b590aa3ae3f2b0336371cb59e0ec9c34444a1f958
iron	https://www.ciaaw.org/iron.htm	2026-10-02T11:50:58+09:00	200	9e07649940e25e8bbfa6fb2035464fa878d8810ccb5469acb7b5986d5e072f90
cobalt	https://www.ciaaw.org/cobalt.htm	2026-10-02T11:51:00+09:00	200	b6163c2587752f72d735bd88f059928b9c65d70344e310846ed23dcaba1d00c8
nickel	https://www.ciaaw.org/nickel.htm	2026-10-02T11:51:02+09:00	200	00556895bc1591b5413b2ac3e80f4baf07d2d25e3f583b314ebcf33efe760263
copper	https://www.ciaaw.org/copper.htm	2026-10-02T11:51:04+09:00	200	876966c0b54999d6c145243e73dde13058c2aa448f9ae99e33350eb867c1ccb4
zinc	https://www.ciaaw.org/zinc.htm	2026-10-02T11:51:06+09:00	200	9d470286127ddb4af57141e418c937237ddbe74575de1cd96f026428f7642cc4
gallium	https://www.ciaaw.org/gallium.htm	2026-10-02T11:51:08+09:00	200	eefb9137a170cbecb4bc5c13e17bc8652e5caaf5820b5ebe0b1f6b06806ea354
germanium	https://www.ciaaw.org/germanium.htm	2026-10-02T11:51:09+09:00	200	e7a2c5c3a523a9205492c5eebde8c715d0179e488c3f19af02c24e821d8e8403
arsenic	https://www.ciaaw.org/arsenic.htm	2026-10-02T11:51:11+09:00	200	1eea5e7d6bdaabbce7c09602cb4a8a147ff326574e05f7a8a20af4fb81565c21
selenium	https://www.ciaaw.org/selenium.htm	2026-10-02T11:51:13+09:00	200	58f8caf430aa6450d015bfd8a43cf56495feab7bb3bcc32f659547a5dbc02f13
krypton	https://www.ciaaw.org/krypton.htm	2026-10-02T11:51:15+09:00	200	f3832f3d28cb00a61bdd4cf371d148627ae723f9529b69bbfaf91f5a6c7930c5
rubidium	https://www.ciaaw.org/rubidium.htm	2026-10-02T11:51:17+09:00	200	adff426ea7fe9ff356bb8e7b6cea0342099bb110f18c4bdd52352c3fe663384a
strontium	https://www.ciaaw.org/strontium.htm	2026-10-02T11:51:19+09:00	200	e4929babdff43406ca4915ed9dd84b44cce5c4e7b385eecb7491d8f8fda2c1a5
yttrium	https://www.ciaaw.org/yttrium.htm	2026-10-02T11:51:21+09:00	200	98bd7789a008069aee1447b4d33bd81e4c171dc714a92e8b5686f81b334f7ffc
zirconium	https://www.ciaaw.org/zirconium.htm	2026-10-02T11:51:23+09:00	200	e5cdcfdc5d13d075e38a852a7089448c180717e267732c6c2224f23a0b2cfae7
niobium	https://www.ciaaw.org/niobium.htm	2026-10-02T11:51:25+09:00	200	ce9e064afef35d1a8884368baf032405cc1c51edd13216fb6df9050ace0a909d
molybdenum	https://www.ciaaw.org/molybdenum.htm	2026-10-02T11:51:26+09:00	200	8f1f76f29aeb5840303b6af37b7f3eef28397835743de2451c191b3a719cdd1e
ruthenium	https://www.ciaaw.org/ruthenium.htm	2026-10-02T11:51:28+09:00	200	944381001df5d24101a1570d5a2a6cc91f7498fcabbf56db18090e48516c8234
rhodium	https://www.ciaaw.org/rhodium.htm	2026-10-02T11:51:30+09:00	200	b2f028b23dc620909ba5409871a9617bea77f1958561290b38492342ba0f8aa9
palladium	https://www.ciaaw.org/palladium.htm	2026-10-02T11:51:32+09:00	200	fd9f2643e041ceb09193b59d34b55048ff64029c5dc17f6c742a8988e41eb7e5
silver	https://www.ciaaw.org/silver.htm	2026-10-02T11:51:34+09:00	200	7a1492f05eb8d80068524ced3a38c8e86b826afe5f577054257c3d29cf8e3153
cadmium	https://www.ciaaw.org/cadmium.htm	2026-10-02T11:51:36+09:00	200	e4699716bb17238be314e23de335eda38389598b5b3913e54bee12b3d962275f
indium	https://www.ciaaw.org/indium.htm	2026-10-02T11:51:38+09:00	200	744df8f598ef0a0af4475add213a3cf971a5b4c07ea1ed0601de691a457ad2c8
tin	https://www.ciaaw.org/tin.htm	2026-10-02T11:51:40+09:00	200	1f5c1f3a652825f6df81aef09d18c3f1e85395ddf7e072f0f9bf52758e7e2e0b
antimony	https://www.ciaaw.org/antimony.htm	2026-10-02T11:51:42+09:00	200	5de5dd199527d862908271fbd0e08c9736dbb48b16d3beb7d79f60cadaa1e0c2
tellurium	https://www.ciaaw.org/tellurium.htm	2026-10-02T11:51:44+09:00	200	3a000d371bc3d82c1f1ff8c1e1a771ad77b28d5a7dadd81d248270c186986c2a
iodine	https://www.ciaaw.org/iodine.htm	2026-10-02T11:51:45+09:00	200	0c5709e78c811ee49e92a9d874446f8889829b3f59330aa6dd71182e45f83293
xenon	https://www.ciaaw.org/xenon.htm	2026-10-02T11:51:47+09:00	200	e1121ad6a30a27e2a5348b871bf5c24c9a69bf4ac1bf0acea760d1b5180abd15
caesium	https://www.ciaaw.org/caesium.htm	2026-10-02T11:51:49+09:00	200	0335421304ce116e42c1a5e2f86c5b4d5f517bf4bfc9a06e9c5261aac8ac4b33
barium	https://www.ciaaw.org/barium.htm	2026-10-02T11:51:51+09:00	200	581da0869c2862575ad3c42261ba9a51bbcce1deb0d1909f2689fa05746acda9
lanthanum	https://www.ciaaw.org/lanthanum.htm	2026-10-02T11:51:53+09:00	200	76d1ce6c5fffac9afd68629fecdccf7bd669286fbe796a307e1736c88219c5e6
cerium	https://www.ciaaw.org/cerium.htm	2026-10-02T11:51:55+09:00	200	d6e27a3dc4617394ce0003f337e31291fb561482415b06f1305abdf944e33b58
praseodymium	https://www.ciaaw.org/praseodymium.htm	2026-10-02T11:51:57+09:00	200	5c9d0021a02e89ae5981f4a8ffc37d5633651562d7f91701f37acc4b76386cf4
neodymium	https://www.ciaaw.org/neodymium.htm	2026-10-02T11:51:59+09:00	200	a9dbe835a447b9ad9d1ffb5b7bb9ef30bfeb7d1df3286263d7cf860642c21977
samarium	https://www.ciaaw.org/samarium.htm	2026-10-02T11:52:01+09:00	200	76715088615eb4f72d75a42b57d7d9f25f279f992e161e7092e1f17d5ce23ae9
europium	https://www.ciaaw.org/europium.htm	2026-10-02T11:52:03+09:00	200	72b44de4504c1df54121f178b9746f02bb8b423ba938d99c17ffe7d7bcf77d53
gadolinium	https://www.ciaaw.org/gadolinium.htm	2026-10-02T11:52:04+09:00	200	af33de0c248a56016853551c824b78f7ae61d6bb0f0c3b3939b9f5e07045f2f3
terbium	https://www.ciaaw.org/terbium.htm	2026-10-02T11:52:06+09:00	200	37e1be581dc287e0d6fc2fa581c08692b929f8c5d62371dfe16e09eccc805deb
dysprosium	https://www.ciaaw.org/dysprosium.htm	2026-10-02T11:52:08+09:00	200	445b17bf4a64aa2ce05babe3f548988509d7180934bf625a0a253fe88ec7f603
holmium	https://www.ciaaw.org/holmium.htm	2026-10-02T11:52:10+09:00	200	546dd01eedad78c6ef0ce4efa2b798d145bcf7ab4b6269a9f714f7be2563472f
erbium	https://www.ciaaw.org/erbium.htm	2026-10-02T11:52:12+09:00	200	d95ff16d5aa21011fbbd1e295614b11e3fd0d36efba4b305c4fec713c4df9f7e
thulium	https://www.ciaaw.org/thulium.htm	2026-10-02T11:52:14+09:00	200	f0a2ce66323163098b521ff657542157c877e58f9ad097b4cff498e2e73412c6
ytterbium	https://www.ciaaw.org/ytterbium.htm	2026-10-02T11:52:16+09:00	200	9cd1b164cd2ec207d342e888f44b0cf48e567a2a4272b487b6d6d664e2f30b06
lutetium	https://www.ciaaw.org/lutetium.htm	2026-10-02T11:52:18+09:00	200	f6e50716a0044c97179e943a7454bd063cc7a3d016938602fad42e3ed6b82c60
hafnium	https://www.ciaaw.org/hafnium.htm	2026-10-02T11:52:20+09:00	200	decba4626f1a119cc68b6ebee3e2f697aa60e6abe00b1842a6159f2252d3b0fe
tantalum	https://www.ciaaw.org/tantalum.htm	2026-10-02T11:52:22+09:00	200	63ba1a024f94678ea6ca2da3edd4f0f0965ff2016982ee1dfb6348db39527726
tungsten	https://www.ciaaw.org/tungsten.htm	2026-10-02T11:52:23+09:00	200	b997d72d2e2cff592ce9ed5e07a490dc6ba331ea6efc5506b345bffd0ddf5454
rhenium	https://www.ciaaw.org/rhenium.htm	2026-10-02T11:52:25+09:00	200	bd544407422d7bfd8c81d68905a269e821ca27479239b3304df8905bcb3c089f
osmium	https://www.ciaaw.org/osmium.htm	2026-10-02T11:52:27+09:00	200	6d8a708081101f7575aabb8eb2bf6fbdd850332f6e724df31986f0081c84029e
iridium	https://www.ciaaw.org/iridium.htm	2026-10-02T11:52:29+09:00	200	3a5367f7259a95e2a40775d416a09cdf953770dd74d946fabb69f31b9bd96530
platinum	https://www.ciaaw.org/platinum.htm	2026-10-02T11:52:31+09:00	200	8330d359ee9a755df580cf994513ddb43daafe8df077b4342f808d6fee009eb5
gold	https://www.ciaaw.org/gold.htm	2026-10-02T11:52:33+09:00	200	d2a6e3ed78bf42d74005aafcdde0d9313bbda93a85f469885b9533bd8f8ca37c
mercury	https://www.ciaaw.org/mercury.htm	2026-10-02T11:52:35+09:00	200	64fff75fc8774a348f8e18716d508abeb28e6afe0cadff95515c293defe4ebed
bismuth	https://www.ciaaw.org/bismuth.htm	2026-10-02T11:52:37+09:00	200	5d24ddbd92b53dadfbf6063b86d9b7e593b76074496add972a23cf0c7cd297d9
thorium	https://www.ciaaw.org/thorium.htm	2026-10-02T11:52:39+09:00	200	eb004feecdaa5e00ac861a1566ee39671f61c27ebbcef2f3a00149bb5dce69ad
protactinium	https://www.ciaaw.org/protactinium.htm	2026-10-02T11:52:40+09:00	200	6458518f467e0ce043b869f3d8684393f22a0834980feee2e9f86f0ea9106688
uranium	https://www.ciaaw.org/uranium.htm	2026-10-02T11:52:42+09:00	200	e0694524827317c20c2250be33bd8fd44f2c8cc7833610f79737b3518bd45bb9
