nuclide	url	queried_at	http	sha256
76SR	https://www.nndc.bnl.gov/nudat3/getdatasetClassic.jsp?nucleus=76SR&unc=NDS	2026-10-02T13:39:48+09:00	200	2e9b0ccfd8d9ba182c4b71706a6dac2ca7211550627b6063e201f87dc4f6b0cf
258MD	https://www.nndc.bnl.gov/nudat3/getdatasetClassic.jsp?nucleus=258MD&unc=NDS	2026-10-02T13:39:50+09:00	200	81bd1a310f3bca5bbc79f9e49b4a3355ab7883d889f9056c5a14f376fe29b964
108ZR	https://www.nndc.bnl.gov/nudat3/getdatasetClassic.jsp?nucleus=108ZR&unc=NDS	2026-10-02T13:39:53+09:00	200	1a7d93550217685629653ca2030b20a49fcd71e46c85688d58871bf39c7d6d0f
163W	https://www.nndc.bnl.gov/nudat3/getdatasetClassic.jsp?nucleus=163W&unc=NDS	2026-10-02T13:39:55+09:00	200	962f264e2f43a24ee377b57a5bb3a83d370bb174cbced3b8ccea8bfa8b994911
33NA	https://www.nndc.bnl.gov/nudat3/getdatasetClassic.jsp?nucleus=33NA&unc=NDS	2026-10-02T13:39:57+09:00	200	b09a826d1cd5f0f6bd5d758b5b294a3b3baf689dff4f42215b09b1cf1cb3e7a7
33SI	https://www.nndc.bnl.gov/nudat3/getdatasetClassic.jsp?nucleus=33SI&unc=NDS	2026-10-02T13:39:59+09:00	200	61ae3599b32c3897bbaea21ca5c8845b0a24404af08f29543f3c14eca79dd5d1
66CO	https://www.nndc.bnl.gov/nudat3/getdatasetClassic.jsp?nucleus=66CO&unc=NDS	2026-10-02T13:40:01+09:00	200	7b5beaf6ac6dc93388feda267452c4177d61afa6c0a777ef20722e7c0fd4e986
79NI	https://www.nndc.bnl.gov/nudat3/getdatasetClassic.jsp?nucleus=79NI&unc=NDS	2026-10-02T13:40:03+09:00	200	cf6dc01aac0aba90437d31a610697fff412b04c3e9aea9642bba3cf6464a4561
17C	https://www.nndc.bnl.gov/nudat3/getdatasetClassic.jsp?nucleus=17C&unc=NDS	2026-10-02T13:40:05+09:00	200	2ba2769c978929b240bad3239208a43862f3b04fa737082e64c129e80e889a17
204AT	https://www.nndc.bnl.gov/nudat3/getdatasetClassic.jsp?nucleus=204AT&unc=NDS	2026-10-02T13:40:07+09:00	200	5e359964acda653f5be8f9eed288d5581f152378888df9d101e112672161d7e3
146PM	https://www.nndc.bnl.gov/nudat3/getdatasetClassic.jsp?nucleus=146PM&unc=NDS	2026-10-02T13:40:10+09:00	200	6f8667bc0335a7eb52663441a26dae34cbe38799cfb01e71d355e8c749d45021
36MG	https://www.nndc.bnl.gov/nudat3/getdatasetClassic.jsp?nucleus=36MG&unc=NDS	2026-10-02T13:42:01+09:00	200	d65790ad5fe0ab714045dae6aaacefad5b318a2197aedce61ffd5dbdb654abb3
81GE	https://www.nndc.bnl.gov/nudat3/getdatasetClassic.jsp?nucleus=81GE&unc=NDS	2026-10-02T13:42:03+09:00	200	d196ef0619249e4dd40c48b5ed62010b1be33e3bf97c8125558427759e2c169a
187TA	https://www.nndc.bnl.gov/nudat3/getdatasetClassic.jsp?nucleus=187TA&unc=NDS	2026-10-02T13:42:05+09:00	200	7693239be85bb5d04cfa5a076c5adff1d1a9e2ada687aef438d6d7028c7541ce
218U	https://www.nndc.bnl.gov/nudat3/getdatasetClassic.jsp?nucleus=218U&unc=NDS	2026-10-02T13:42:08+09:00	200	9b486af4417a1df0716f971f1349a76457e5aaf2df57c77e2d0b4942b6eb1794
249NO	https://www.nndc.bnl.gov/nudat3/getdatasetClassic.jsp?nucleus=249NO&unc=NDS	2026-10-02T13:42:10+09:00	200	766f9f5840b96206c2e46d700eac57c503e8e5ee06c07d26e10a92356567bbd5
264LR	https://www.nndc.bnl.gov/nudat3/getdatasetClassic.jsp?nucleus=264LR&unc=NDS	2026-10-02T13:42:12+09:00	200	514e28097cbabebbcdc1f1ee491e48456ee9292024545e60423d90e714bd2809
253RF	https://www.nndc.bnl.gov/nudat3/getdatasetClassic.jsp?nucleus=253RF&unc=NDS	2026-10-02T13:42:14+09:00	200	c67edb5e6d2e20837b04311eb94ca4619c8812d01fd27380bee3115d7e90f5eb
269SG	https://www.nndc.bnl.gov/nudat3/getdatasetClassic.jsp?nucleus=269SG&unc=NDS	2026-10-02T13:42:16+09:00	200	526108a118919d61cd50d0c4d01b6f2f5085b31bb9b84cd61e487d09376ba3a6
273HS	https://www.nndc.bnl.gov/nudat3/getdatasetClassic.jsp?nucleus=273HS&unc=NDS	2026-10-02T13:42:19+09:00	200	74aa01ed28c8c36c15802cfecdb06caa6a15152f5b8c3fdaa38444b6fd5b4590
277MT	https://www.nndc.bnl.gov/nudat3/getdatasetClassic.jsp?nucleus=277MT&unc=NDS	2026-10-02T13:42:21+09:00	200	e0549356546f1ad6154930a233c4f81b46f18421880d2b32272dac6ee1218dfb
285NH	https://www.nndc.bnl.gov/nudat3/getdatasetClassic.jsp?nucleus=285NH&unc=NDS	2026-10-02T13:42:22+09:00	200	528966bfcc7c7ad64c04cab3cb8de648e0491350ff01805e3ed87e26fc6628ff
285FL	https://www.nndc.bnl.gov/nudat3/getdatasetClassic.jsp?nucleus=285FL&unc=NDS	2026-10-02T13:42:24+09:00	200	b297e456945000cd762095d8efa71ac86b0c457c0ad46c110c9e6c4bb58c7326
71KR	https://www.nndc.bnl.gov/nudat3/getdatasetClassic.jsp?nucleus=71KR&unc=NDS	2026-10-02T13:42:27+09:00	200	f59a04a75e974b19c5e00e23af2d03251bca4398713bcefb715573aa3faa450e
123XE	https://www.nndc.bnl.gov/nudat3/getdatasetClassic.jsp?nucleus=123XE&unc=NDS	2026-10-02T13:42:30+09:00	200	50d1495c99ba9159da54efd2532d58b5de4513737c7ece9835716aa9f2291fea
123LA	https://www.nndc.bnl.gov/nudat3/getdatasetClassic.jsp?nucleus=123LA&unc=NDS	2026-10-02T13:42:32+09:00	200	f7b2e2179099e1e7e853223f35440efaee120d9b112a7807318f3792c8158e3d
186TA	https://www.nndc.bnl.gov/nudat3/getdatasetClassic.jsp?nucleus=186TA&unc=NDS	2026-10-02T13:42:34+09:00	200	deae36b7b67aa3f01e93366085893def4484bb01f76c61671770338d183c32aa
200RN	https://www.nndc.bnl.gov/nudat3/getdatasetClassic.jsp?nucleus=200RN&unc=NDS	2026-10-02T13:42:37+09:00	200	11e8b1c3c1cc4124bc5bcd88f097e4daf7b0d82a5b21b3ff03f25e780ac75bed
245CM	https://www.nndc.bnl.gov/nudat3/getdatasetClassic.jsp?nucleus=245CM&unc=NDS	2026-10-02T13:42:39+09:00	200	bbbae3477b9579e55c5445234db56a92d716b588cebcb3831f2f34486f3e54c7
18N	https://www.nndc.bnl.gov/nudat3/getdatasetClassic.jsp?nucleus=18N&unc=NDS	2026-10-02T13:42:41+09:00	200	755c5c184682b99920c2a6e4087b4e56eed2126071ae521eb81150702b84e780
71CO	https://www.nndc.bnl.gov/nudat3/getdatasetClassic.jsp?nucleus=71CO&unc=NDS	2026-10-02T13:42:44+09:00	200	3b3b27e15214ee4adcfffc85ade14baefc59b57633efee89b0c8881c05bd9a76
123PD	https://www.nndc.bnl.gov/nudat3/getdatasetClassic.jsp?nucleus=123PD&unc=NDS	2026-10-02T13:42:46+09:00	200	e32a209131b913747a4a11dd74a14a03887b078b1c05a60cf51dddff72bda8d0
126PD	https://www.nndc.bnl.gov/nudat3/getdatasetClassic.jsp?nucleus=126PD&unc=NDS	2026-10-02T13:42:48+09:00	200	73fdf2699c2eace09efd178acff49df8e755d2427c585e633cf553efbb9ff82c
191PB	https://www.nndc.bnl.gov/nudat3/getdatasetClassic.jsp?nucleus=191PB&unc=NDS	2026-10-02T13:42:50+09:00	200	9c9b055afa16a0ddb35a000fcf92341dbf1191e26c417e16c55abbf148bf8dd4
194AT	https://www.nndc.bnl.gov/nudat3/getdatasetClassic.jsp?nucleus=194AT&unc=NDS	2026-10-02T13:42:52+09:00	200	31258892737c4d5d482bc5b05590481513cdc668186d33d49351d94ed66d3f6a
236BK	https://www.nndc.bnl.gov/nudat3/getdatasetClassic.jsp?nucleus=236BK&unc=NDS	2026-10-02T13:42:54+09:00	200	b6e0230b8862b36697df8271cf9713081dfabf1ce787e29a4a3f3c5f1139b712
251NO	https://www.nndc.bnl.gov/nudat3/getdatasetClassic.jsp?nucleus=251NO&unc=NDS	2026-10-02T13:42:56+09:00	200	67cc11e668369eee227ee011b746fae3e48d202384794fbe8a774eeff82b9db7
252LR	https://www.nndc.bnl.gov/nudat3/getdatasetClassic.jsp?nucleus=252LR&unc=NDS	2026-10-02T13:42:58+09:00	200	2e2fa244a955f30c8a0d134efaa7fa1f6e4e9c4302fabf365c77507853aeaa7a
271SG	https://www.nndc.bnl.gov/nudat3/getdatasetClassic.jsp?nucleus=271SG&unc=NDS	2026-10-02T13:43:00+09:00	200	6e84e48bc856aeb60c3358f329e6d3f77be20b5f912b3d89bf1b1dd71eccc8b7
281RG	https://www.nndc.bnl.gov/nudat3/getdatasetClassic.jsp?nucleus=281RG&unc=NDS	2026-10-02T13:43:02+09:00	200	8fefe7237cec9303be345e0a02bd0abeb80b075effec6f08902ee420825ad0aa
64MN	https://www.nndc.bnl.gov/nudat3/getdatasetClassic.jsp?nucleus=64MN&unc=NDS	2026-10-02T13:57:41+09:00	200	2a1d8d62d64add5562b8112d7f13d2974ece2204a44da9bb50fb817a697aa521
180HF	https://www.nndc.bnl.gov/nudat3/getdatasetClassic.jsp?nucleus=180HF&unc=NDS	2026-10-02T15:26:11+09:00	200	12fac2c25ae1d01408b013e34582bea4497e4e2b0e87d8351086c5d15fcc0f0c
213PB	https://www.nndc.bnl.gov/nudat3/getdatasetClassic.jsp?nucleus=213PB&unc=NDS	2026-10-02T15:26:13+09:00	200	703d25c93c47c74e951e510e668f7422a0601fbb842067bf22f4acbb2a0e83ec
