심각도,범주,핵종,Z,N,앱 값,참조값,차이,diff 메모,분류,확신,앱=원문,원문 대조 상세,NUBASE 원문 반감기,NUBASE 원문 붕괴,NUBASE ENSDF 연도,NUBASE Table I 참조(코드),참조 연도,NUBASE 주석 코드,NUBASE 주석,NUBASE 인용 최신 연도,원문 오기 근거,수동 확인 메모,누락 묶음,원문에 묶음 존재,LiveChart 출처,LiveChart ENSDF cutoff,LiveChart ENSDF 저자,cutoff > NUBASE 마감
치명,반감기 단위 혼동 의심,102Zr,40,62,2.01 ± 0.08 s,2.9 s ±0.2,×0.6931,평균수명 τ와 반감기 T½ 혼동 (τ = T½/ln2),A1,높음,예,"{""value"": true, ""unit"": true, ""unc"": true}",2.01 s 0.08,B-=100,09,19Do02 T,2019,T,,2019,,,,,일괄 스냅샷(2026-10-01),2008-12-31,D. DE FRENNE,아니오
치명,반감기 단위 혼동 의심,131Cd,48,83,98 ± 2 ms,68 ms ±3,×1.441,평균수명 τ와 반감기 T½ 혼동 (τ = T½/ln2),A1,높음,예,"{""value"": true, ""unit"": true, ""unc"": true}",98 ms 2,B-=100;B-n=3.5 10;B-2n ?,06,15Lo04 T,2015,T,15Lo04=98.0(0.2) is a typo; other 00Ha55=68(3),2015,,,,,일괄 스냅샷(2026-10-01),2006-07-17,YU. KHAZOV and  I. MITROPOLSKY and  A. RODIONOV,아니오
치명,반감기 단위 혼동 의심,140I,53,87,588 ± 10 ms,0.86 s ±0.04,×0.6837,평균수명 τ와 반감기 T½ 혼동 (τ = T½/ln2),A1,높음,예,"{""value"": true, ""unit"": true, ""unc"": true}",588 ms 10,B-=100;B-n=7.60 28;B-2n ?,18,17Mo19 J,2017,T,average 20Wu04=553(46) 76Lu02=590(10); others 76Ah01=860(40) 75Kr17=870(40) 74Kr21=880(130) 70HeZH=860(140) 70WiZN=880(120),2020,,,,,일괄 스냅샷(2026-10-01),2018-11-20,N. NICA,아니오
치명,반감기 불일치,5He,2,3,602 ± 22 ys,0.648 MeV (폭 → 704.07 ys),-14.5%,,A1,높음,예,"{""value"": true, ""unit"": true, ""unc"": true}",602 ys 22,n=100,02,없음,,T,"from width=758(28) keV, average 12Lu01=767(10) keV 09Ak03=670 (12, stat) (30, syst) keV; Birge ratio=2.9",2012,,,,,일괄 스냅샷(2026-10-01),2001-08-23,X. HU and  D.R.TILLEY and  J.H.KELLEY,아니오
치명,반감기 불일치,11O,8,3,198 ± 12 ys,1.30 MeV (폭 → 350.95 ys),-43.6%,,A1,높음,예,"{""value"": true, ""unit"": true, ""unc"": true}",198 ys 12,2p=100,20,20We08 TJ,2020,T,from width=2.31 (0.14) MeV in 20We08; other width=2.46 MeV in 19Fo10,2020,,,,,일괄 스냅샷(2026-10-01),2019-04-29,C.G. Sheu and  J.H. Kelley,아니오
치명,반감기 불일치,15F,9,6,1.1 ± 0.3 zs,660 keV (폭 → 691.27 ys),+59.1%,,A2,중간,예,"{""value"": true, ""unit"": true, ""unc"": true}",1.1 zs 0.3,p=100,16,04Go15 J,2004,T,from width=370(70)(+200-0) keV in 16De15,2016,,,,,일괄 스냅샷(2026-10-01),2016-07-17,J. Kelley and  T. Truong and  C.G. Sheu,아니오
치명,반감기 불일치,19Mg,12,7,5 ± 3 ps,1.14E-4 eV (폭 → 4.0021 ps),+24.9%,,A2,중간,예,"{""value"": true, ""unit"": true, ""unc"": true}",5 ps 3,2p=100,14,09Mu17 TD,2009,T,symmetrized from 09Mu17=6(+2-4); supersedes 07Mu15=4.0(1.5),2009,,,,,일괄 스냅샷(2026-10-01),2014-01-01,J.H. Kelley and  G.C. Sheu,아니오
치명,반감기 불일치,34Mg,12,22,44.9 ± 0.4 ms,20 ms ±10,+125%,,A1,높음,예,"{""value"": true, ""unit"": true, ""unc"": true}",44.9 ms 0.4,B-=100;B-n=21 7;B-2n<0.1,12,17Li03 TD,2017,T,,2017,,,,,일괄 스냅샷(2026-10-01),2012-05-28,NINEL NICA and  BALRAJ SINGH,아니오
치명,반감기 불일치,36Mg,12,24,3.9 ± 1.3 ms,7.6 ms ±0.65,-48.7%,,B,중간,예,"{""value"": true, ""unit"": true, ""unc"": true}",3.9 ms 1.3,B-=100;B-n=48 12;B-2n ?,12,없음,,T,,,,,,,일괄 스냅샷(2026-10-01),2021-05-21,BALRAJ SINGH,예
치명,반감기 불일치,39Si,14,25,41.2 ± 4.1 ms,47.5 ms ±2,-13.3%,,A1,높음,예,"{""value"": true, ""unit"": true, ""unc"": true}",41.2 ms 4.1,B-=100;B-n=33 3;B-2n ?,18,19Ab06 TDJ,2019,T,average 19Ab06=38.6(1.3) 04Gr20=47.5(2.0); Birge ratio=3.7,2019,,,,,일괄 스냅샷(2026-10-01),2018-01-01,JUN CHEN,아니오
치명,반감기 불일치,57Sc,21,36,22 ± 2 ms,13 ms ±4,+69.2%,[참조: 단건 API 최신값],A2,중간,예,"{""value"": true, ""unit"": true, ""unc"": true}",22 ms 2,B-=100;B-n ?;B-2n ?,10,10Cr02 T,2010,T,other 03So21=13(4),2010,,,,,단건 캐시(2026-10-01),2010-04-12,BALRAJ SINGH,아니오
치명,반감기 불일치,69Mn,25,44,22.1 ± 1.6 ms,16 ms ±3,+38.1%,,A1,높음,예,"{""value"": true, ""unit"": true, ""unc"": true}",22.1 ms 1.6,B-=100;B-n=40 20;B-2n ?,14,15Be32 TD,2015,T,average 15Be32=24.1(2.6) 25.8(2.8) 11Da08=18(4) 99Ha05=14(4),2015,,,,,일괄 스냅샷(2026-10-01),2013-07-31,C.D. NESARAJA,아니오
치명,반감기 불일치,69Fe,26,43,162 ± 7 ms,110 ms ±5,+47.3%,,A1,높음,예,"{""value"": true, ""unit"": true, ""unc"": true}",162 ms 7,B-=100;B-n ?;B-2n ?,14,15Li33 T,2015,T,,2015,,,,,일괄 스냅샷(2026-10-01),2013-07-31,C.D. NESARAJA,아니오
치명,반감기 불일치,67Co,27,40,329 ± 28 ms,0.425 s ±0.02,-22.6%,,A1,높음,예,"{""value"": true, ""unit"": true, ""unc"": true}",329 ms 28,B-=100;B-n ?,05,08Pa33 TJ,2008,T,,2008,,,,,일괄 스냅샷(2026-10-01),2005-04-01,HUO JUNDE and  HUANG XIAOLONG and  J.K. TULI,아니오
치명,반감기 불일치,69Co,27,42,180 ± 20 ms,227 ms ±11,-20.7%,,A1,높음,예,"{""value"": true, ""unit"": true, ""unc"": true}",180 ms 20,B-=100;B-n ?,14,15Li33 T,2015,T,,2015,,,,,일괄 스냅샷(2026-10-01),2013-07-31,C.D. NESARAJA,아니오
치명,반감기 불일치,72Co,27,45,51.5 ± 0.3 ms,59.9 ms ±1.7,-14%,,A1,높음,예,"{""value"": true, ""unit"": true, ""unc"": true}",51.5 ms 0.3,B-=100;B-n>4;B-2n ?,10,16Mo07 T,2016,T,others 14Xu07=52.8(1.6) 14Ra20=55(4) 05Ma59=59(2) 03Sa40=62(3),2016,,,,,일괄 스냅샷(2026-10-01),2009-05-01,D. Abriola(a) and  A.A. Sonzogni,아니오
치명,반감기 불일치,81Ge,32,49,9 ± 2 s,6.4 s ±0.2,+40.6%,[참조: 단건 API 최신값],B,중간,예,"{""value"": true, ""unit"": true, ""unc"": true}",9 s 2,B-=100,08,없음,,T,derived from 81Ho24=7.6(0.6) 72De43=10.1(0.8) for a mixture of gs and isomer that have similar T1/2,1981,,,,,단건 캐시(2026-10-01),2024-09-01,M. Shamsuzzoha Basunia,예
치명,반감기 불일치,87Ge,32,55,103 ± 4 ms,~0.14 s,-26.4%,,A2,중간,예,"{""value"": true, ""unit"": true, ""unc"": true}",103 ms 4,B-=100;B-n ?;B-2n ?,15,14XuZZ T,2014,T,,2014,,,,,일괄 스냅샷(2026-10-01),2015-07-27,T.D. Johnson and W.D. Kulp(a),아니오
치명,반감기 불일치,84As,33,51,3.16 ± 0.58 s,4.2 s ±0.5,-24.8%,,A1,높음,예,"{""value"": true, ""unit"": true, ""unc"": true}",3.16 s 0.58,B-=100;B-n=0.28 4,09,16Ko24 J,2016,T,from 13Ma22; others: 96WaZX=3.24(0.26) 93Ru01=4.02(0.03) 91Om01=4.5(0.2) 81Ho10=4.5(0.2) 75Kr08=5.3(0.4) 68De19=5.8(0.5),2013,,,,,일괄 스냅샷(2026-10-01),2009-09-30,A.A. Sonzogni and  M. Fadil and  and B. Pfeiffer,아니오
치명,반감기 불일치,93Br,35,58,152 ± 8 ms,102 ms ±10,+49%,,A1,높음,예,"{""value"": true, ""unit"": true, ""unc"": true}",152 ms 8,B-=100;B-n=64 6;B-2n ?,11,13Mi13 TD,2013,T,,2013,,,,,일괄 스냅샷(2026-10-01),2010-12-15,CORAL M. BAGLIN,아니오
치명,반감기 불일치,106Nb,41,65,900 ± 20 ms,1.02 s ±0.05,-11.8%,,A2,중간,예,"{""value"": true, ""unit"": true, ""unc"": true}",900 ms 20,B-=100;B-n=4.5 3,15,14Lu07 J,2014,T,"from 96Me09 using -(t), predominantly from the low-spin - decaying state",1996,,,,,일괄 스냅샷(2026-10-01),2015-07-20,BALRAJ SINGH,아니오
치명,반감기 불일치,109Mo,42,67,700 ± 14 ms,0.61 s ±0.035,+14.8%,,A2,중간,예,"{""value"": true, ""unit"": true, ""unc"": true}",700 ms 14,B-=100;B-n=1.3 6,16,09Pe06 TD,2009,T,"others 15Lo04=700(+40-60), 92Ay02=530(60)",2015,,,,,일괄 스냅샷(2026-10-01),2016-05-31,S. KUMAR(a) and  J. CHEN(b) AND F.G. KONDEV,아니오
치명,반감기 불일치,111Tc,43,68,350 ± 11 ms,290 ms ±20,+20.7%,,A1,높음,예,"{""value"": true, ""unit"": true, ""unc"": true}",350 ms 11,B-=100;B-n=0.85 20,09,09Pe06 T,2009,T,"other 96Me09=290(20), supersedes 88Pe13=300(30)",2009,,,,,일괄 스냅샷(2026-10-01),2008-02-01,Jean Blachot,아니오
치명,반감기 불일치,112Tc,43,69,323 ± 6 ms,271 ms ±15,+19.2%,,A1,높음,예,"{""value"": true, ""unit"": true, ""unc"": true}",323 ms 6,B-=100;B-n=1.5 2,15,15Lo04 T,2015,T,"others 09Pe06=290(11); 99Wa09=290(20), supersedes 96Me09=230(20)",2015,,,,,일괄 스냅샷(2026-10-01),2014-08-01,S. LALKOVSKI and  F.G. KONDEV,아니오
치명,반감기 불일치,92Rh,45,47,5.61 ± 0.08 s,4.66 s ±0.25,+20.4%,[참조: 단건 API 최신값],A1,높음,예,"{""value"": true, ""unit"": true, ""unc"": true}",5.61 s 0.08,B+=100;B+p=2.05 7,12,19Pa16 TD,2019,T,,2019,,,,,단건 캐시(2026-10-01),2012-09-15,CORAL M. BAGLIN,아니오
치명,반감기 불일치,93Rh,45,48,13.9 ± 1.6 s,12.2 s ±0.7,+13.9%,,C,중간,예,"{""value"": true, ""unit"": true, ""unc"": true}",13.9 s 1.6,B+=100,11,없음,,T,,,,"ENSDF 2010: 11.9(7) s(2004De40)와 13.9(16) s(2001Ki13) 가중평균 12.2(7) s. NUBASE는 2001Ki13 단일값, 제외 사유 미기재. NUBASE2016도 13.9",,,일괄 스냅샷(2026-10-01),2010-12-15,CORAL M. BAGLIN,아니오
치명,반감기 불일치,101Rh,45,56,4.07 ± 0.05 y,3.3 Y ±0.3,+23.3%,,A1,높음,예,"{""value"": true, ""unit"": true, ""unc"": true}",4.07 y 0.05,EC=100,06,18Sh09 T,2018,T,,2018,,,,,일괄 스냅샷(2026-10-01),2006-07-01,JEAN BLACHOT,아니오
치명,반감기 불일치,120Ag,47,73,1.52 ± 0.07 s,1.23 s ±0.04,+23.6%,,A1,높음,예,"{""value"": true, ""unit"": true, ""unc"": true}",1.52 s 0.07,B-=100;B-n<0.003,02,12Ba58 TJ,2012,T,others 83Re05=1.25(0.03) 71Fo22=1.17(0.05) not used (outliers),2012,,,,,일괄 스냅샷(2026-10-01),2001-12-01,K. KITAO and  Y. TENDOW AND A. HASHIZUME,아니오
치명,반감기 불일치,97Cd,48,49,1.16 ± 0.05 s,2.8 s ±0.6,-58.6%,,A1,높음,예,"{""value"": true, ""unit"": true, ""unc"": true}",1.16 s 0.05,B+=100;B+p=7.4 2,10,19Pa16 TD,2019,T,average 19Pa16=1.20(0.07) 11Lo09=1.10(0.08),2019,,,,,일괄 스냅샷(2026-10-01),2009-11-19,N. NICA,아니오
치명,반감기 불일치,130Cd,48,82,126.8 ± 1.8 ms,162 ms ±7,-21.7%,,A1,높음,예,"{""value"": true, ""unit"": true, ""unc"": true}",126.8 ms 1.8,B-=100;B-n=3.5 10,08,16Du13 T,2016,T,average 16Du13=126(4) 15Lo04=127(2),2016,,,,,일괄 스냅샷(2026-10-01),2008-05-31,BALRAJ SINGH,아니오
치명,반감기 불일치,134Sn,50,84,0.93 ± 0.08 s (≈930 ms),1.050 s ±0.011,-11.4%,,A1,높음,예,"{""value"": true, ""unit"": true, ""unc"": true}",0.93 s 0.08,B-=100;B-n=17 13,04,75As04 TD,1975,T,"unweighted average 93Ru01t=1.050(0.011) 75As04=0.7(0.2) 15Lo04=0.89(0.2) 20Wu04=1.07(0.27); Birge ratio=4.15; others 90Fo03=1.2(0.1) 76Lu02=1.04(0.02) 02Pf04=1.12(0.08), compilation",2020,,,,,일괄 스냅샷(2026-10-01),2004-07-31,A.A. Sonzogni,아니오
치명,반감기 불일치,139Sb,51,88,182 ± 9 ms,93 ms ±13,+95.7%,,A1,높음,예,"{""value"": true, ""unit"": true, ""unc"": true}",182 ms 9,B-=100;B-n=90 10;B-2n ?,16,20Wu04 T,2020,T,other 11Ar18=93(+14-3),2020,,,,,일괄 스냅샷(2026-10-01),2016-10-15,P.K. JOSHI and  B. SINGH and  S. SINGH and  A.K. JAIN,아니오
치명,반감기 불일치,111Te,52,59,26.2 ± 0.6 s,19.3 s ±0.4,+35.8%,,A2,중간,예,"{""value"": true, ""unit"": true, ""unc"": true}",26.2 s 0.6,B+=100;B+p=?,09,05Sh24 T,2005,T,"others (not used) 67Ka01=19.0(7) 67Bo41=19.5(5), outliers",2005,,,,,일괄 스냅샷(2026-10-01),2008-02-01,Jean Blachot,아니오
치명,반감기 불일치,128Te,52,76,2.25 ± 0.09 Yy (≈2.25e+24 y),7.7E+24 Y ±4e+23,-70.8%,,A1,높음,예,"{""value"": true, ""unit"": true, ""unc"": true}",2.25 Yy 0.09,IS=31.74 8;2B-=100,15,20Ba.A T,2020,T,,2020,,,,,일괄 스냅샷(2026-10-01),2015-02-28,ZOLTAN ELEKES AND JANOS TIMAR,아니오
치명,반감기 불일치,139Te,52,87,724 ± 81 ms,1.6 s ±0.3,-54.8%,,A1,높음,예,"{""value"": true, ""unit"": true, ""unc"": true}",724 ms 81,B-=100;B-n ?,16,20Wu04 TD,2020,T,others (not trusted) 11Ar18=1600(300) 06KeZZ=598(20),2020,,,,,일괄 스냅샷(2026-10-01),2016-10-15,P.K. JOSHI and  B. SINGH and  S. SINGH and  A.K. JAIN,아니오
치명,반감기 불일치,120Xe,54,66,46.0 ± 0.6 min,40 m ±1,+15%,,A1,높음,예,"{""value"": true, ""unit"": true, ""unc"": true}",46.0 m 0.6,B+=100,02,06Ph01 T,2006,T,,2006,,,,,일괄 스냅샷(2026-10-01),2001-12-01,K. KITAO and  Y. TENDOW AND A. HASHIZUME,아니오
치명,반감기 불일치,144Xe,54,90,388 ± 7 ms,1.15 s ±0.2,-66.3%,,A1,높음,예,"{""value"": true, ""unit"": true, ""unc"": true}",388 ms 7,B-=100;B-n=3.0 3,01,03Be05 TD,2003,T,,2003,,,,,일괄 스냅샷(2026-10-01),2000-12-01,A.A. Sonzogni,아니오
치명,반감기 불일치,135Cs,55,80,1.33 ± 0.19 My (≈1.33e+06 y),2.3E+6 Y ±3e+05,-42.2%,,A1,높음,예,"{""value"": true, ""unit"": true, ""unc"": true}",1.33 My 0.19,B-=100,08,16Ma05 T,2016,T,average 16Ma05=1.6(0.6) by AMS and 1.3(0.2) ICPMS,2016,,,,,일괄 스냅샷(2026-10-01),2008-01-22,BALRAJ SINGH and  ALEXANDER A. RODIONOV and YURI L. KHAZOV,아니오
치명,반감기 불일치,150Ce,58,92,6.05 ± 0.07 s,4.0 s ±0.6,+51.2%,,A1,높음,예,"{""value"": true, ""unit"": true, ""unc"": true}",6.05 s 0.07,B-=100,13,15Ko23 T,2015,T,,2015,,,,,일괄 스냅샷(2026-10-01),2013-04-01,S. K. Basu and  A. A. Sonzogni,아니오
치명,반감기 불일치,130Nd,60,70,21 ± 3 s,13 s ±3,+61.5%,,A2,중간,예,"{""value"": true, ""unit"": true, ""unc"": true}",21 s 3,B+=100,01,01Gi17 T,2001,T,"others 00Xu08=13(3) 77Bo02=28(3) conflicting, not used",2001,,,,,일괄 스냅샷(2026-10-01),2001-05-11,BALRAJ SINGH,아니오
치명,반감기 불일치,136Pm,61,75,107 ± 6 s (≈1.7833 m),300 s ±50,-64.3%,,A2,중간,예,"{""value"": true, ""unit"": true, ""unc"": true}",107 s 6,B+=100,19,73PaZV T,1973,T,,1973,,,,,일괄 스냅샷(2026-10-01),2018-04-01,E.A. MCCUTCHAN,아니오
치명,반감기 불일치,187Ta,73,114,2.3 ± 6 min,283 s ±10,-51.2%,,B,중간,예,"{""value"": true, ""unit"": true, ""unc"": true}",2.3 m 6,B-=100,09,10Re07 T,2010,T,,2010,,,,,일괄 스냅샷(2026-10-01),2022-03-31,Balraj Singh,예
치명,반감기 불일치,197Os,76,121,93 ± 7 s (≈1.55 m),2.8 m ±0.6,-44.6%,,A1,높음,예,"{""value"": true, ""unit"": true, ""unc"": true}",93 s 7,B-=100,09,18Hi07 TD,2018,T,average 18Hi07=91(8) from -(t) and 18Hi07=101(18) by gating on --delayed 478.7 and 495.1 keV gammas,2018,,,,,일괄 스냅샷(2026-10-01),2009-05-14,BALRAJ SINGH,아니오
치명,반감기 불일치,208Hg,80,128,135 ± 10 s (≈2.25 m),41 m ±4.5,-94.5%,,A1,높음,예,"{""value"": true, ""unit"": true, ""unc"": true}",135 s 10,B-=100,10,20Ca25 T,2020,T,average 20Ca25=135(10) 17Ca12=132(50); others (conflicting) 98Zh22=2460(+300-200) 94Zh02=2520(+1380-720),2020,,,,,일괄 스냅샷(2026-10-01),2010-04-12,B. SINGH and  K. ZUBER,아니오
치명,반감기 불일치,209Hg,80,129,6.3 ± 1.1 s,36 s ±5.5,-82.5%,,A1,높음,예,"{""value"": true, ""unit"": true, ""unc"": true}",6.3 s 1.1,B-=100;B-n ?,15,17Ca12 T,2017,T,"others 98Zh19=35(+9-6) 98Zh22=35(+13-8),42(+24-11) and 36(+16-8)",2017,,,,,일괄 스냅샷(2026-10-01),2013-09-30,J. CHEN {+#} AND F.G. KONDEV,아니오
치명,반감기 불일치,179Tl,81,98,437 ± 9 ms,0.23 s ±0.04,+90%,[참조: 단건 API 최신값],A1,높음,예,"{""value"": true, ""unit"": true, ""unc"": true}",437 ms 9,A=60 2;B+ ?,09,없음,,T,average 17Ba46=426(10) 11Ko.B=489(21); other 02Ro17=415(55) 13An10t=265(10) 98To14=230(40) 83Sc24=160(+90-40),2017,,,,,단건 캐시(2026-10-01),2008-11-15,Coral M. BAGLIN,아니오
치명,반감기 불일치,215At,85,130,37 ± 3 μs,0.10 ms ±0.02,-63%,,A1,높음,예,"{""value"": true, ""unit"": true, ""unc"": true}",37 us 3,A=100,13,18Sa45 T,2018,T,other 51Me10=100(20),2018,,,,,일괄 스냅샷(2026-10-01),2013-09-23,S.K. Basu and  G. Mukherjee and  B. Singh and  S. Bhattacharya and  A. De and  D. Mondal,아니오
치명,반감기 불일치,216Rn,86,130,29 ± 4 μs,45 us ±5,-35.6%,,A1,높음,예,"{""value"": true, ""unit"": true, ""unc"": true}",29 us 4,A=100,07,18Sa45 T,2018,T,other 61Ru06=45(5),2018,,,,,일괄 스냅샷(2026-10-01),2007-03-01,S. -C. WU,아니오
치명,반감기 불일치,218U,92,126,354 ± 91 μs,0.65 ms ±0.075,-45.5%,,B,중간,예,"{""value"": true, ""unit"": true, ""unc"": true}",354 us 91,A=100,19,18Ya01 T,2018,T,average 18Ya01=131(+179-48) 05Le42=510(+170-100),2018,,,,,일괄 스냅샷(2026-10-01),2021-06-10,Balraj Singh,예
치명,반감기 불일치,223U,92,131,65 ± 12 μs,18 us ±7.5,+261%,,A1,높음,예,"{""value"": true, ""unit"": true, ""unc"": true}",65 us 12,A=100;B+ ?,01,20Su02 T,2020,T,symmetrized from 20Su02=62(+14-10); other 91An10=18(+10-5),2020,,,,,일괄 스냅샷(2026-10-01),2001-05-01,E. BROWNE,아니오
치명,반감기 불일치,220Np,93,127,29 ± 11 ns,25 us ±10,-99.9%,,A2,중간,예,"{""value"": true, ""unit"": true, ""unc"": true}",29 ns 11,A=100,,19Zh23 TD,2019,T,symmetrized 19Zh23=25(+14-7),2019,,,,,일괄 스냅샷(2026-10-01),2019-06-07,BALRAJ SINGH,아니오
치명,반감기 불일치,240Cm,96,144,30.4 ± 3.7 d,27 d ±1,+12.6%,,A2,중간,예,"{""value"": true, ""unit"": true, ""unc"": true}",30.4 d 3.7,A~100;EC ?;SF=3.9e-6 8,08,08Qi03 T,2008,T,"from 08Qi03; other Ensdf2009=27(1), based on 49Se01=26.8 and 67Ba42=28 values that are reported without uncertainties",2008,,,,,일괄 스냅샷(2026-10-01),2008-07-31,BALRAJ SINGH and  E. BROWNE,아니오
치명,반감기 불일치,237Cf,98,139,0.8 ± 0.2 s (≈800 ms),2.1 s ±0.3,-61.9%,[참조: 단건 API 최신값],A1,높음,예,"{""value"": true, ""unit"": true, ""unc"": true}",0.8 s 0.2,A=70 10;SF=30 10;B+ ?,06,10Kh06 TD,2010,T,other (not used) 95La09=2.1(0.3),2010,,,,,단건 캐시(2026-10-01),2006-03-15,M. S. Basunia,아니오
치명,반감기 불일치,241Cf,98,143,2.35 ± 0.18 min,3.78 m ±0.7,-37.8%,,A2,중간,예,"{""value"": true, ""unit"": true, ""unc"": true}",2.35 m 0.18,B+ ?;A=15 1,15,20Kh10 D,2020,T,from 10As.A=141(11) s; other 70Si19=3.78(0.70) m,2010,,,,,일괄 스냅샷(2026-10-01),2015-09-30,C.D. NESARAJA,아니오
치명,반감기 불일치,260Md,101,159,27.8 ± 0.8 d,31.8 d ±0.5,-12.6%,,A2,중간,예,"{""value"": true, ""unit"": true, ""unc"": true}",27.8 d 0.8,SF~100;A<5;EC<5;B-<3.5,99,92Lo.B TD,1992,T,"from 92Lo.B supersedes 86Hu01=31.8(0.5), same group",1992,,,,,일괄 스냅샷(2026-10-01),1998-10-01,Y. A. AKOVALI,아니오
치명,반감기 불일치,249No,102,147,57 ± 12 μs,38.1 ms ±2.8,-99.9%,[참조: 단건 API 최신값],B,중간,예,"{""value"": true, ""unit"": true, ""unc"": true}",57 us 12,B+ ?;A ?,11,03Be18 T,2003,T,symmetrized from 03Be18=54.0(+13.9-9.2),2003,,,,,단건 캐시(2026-10-01),2023-10-12,C.D. Nesaraja,예
치명,반감기 불일치,254Lr,103,151,12.0 ± 0.9 s,18.1 s ±1.8,-33.7%,,A2,중간,예,"{""value"": true, ""unit"": true, ""unc"": true}",12.0 s 0.9,A=71.7 19;B+=28.3 19;SF<0.1,19,19Vo03 T,2019,T,"average 19Vo03=11.9(0.9)(GSI) 01Ga20=13.4(4.2)(IMP); others (not used) 08Ga25=17.8(+1.9-1.6)(LBNL) 08An16=18.4(1.8)(GSI) 89Mu09=10.0(+4.5-2.4)(GSI) 85He22=13(+3-2)(GSI) 06Fo02=22(+9-6)(LBNL), presumably affected by the longer-lived isomer",2019,,,,,일괄 스냅샷(2026-10-01),2019-01-31,BALRAJ SINGH,아니오
치명,반감기 불일치,257Lr,103,154,6.0 ± 0.4 s,~4 s,+50%,,A2,중간,예,"{""value"": true, ""unit"": true, ""unc"": true}",6.0 s 0.4,A~100;B+ ?;SF ?,13,16He08 J,2016,T,"average 10St14=6.3(+0.9-0.7) and 5.8(0.5); others (not used) 97He29=3.3(+0.5-0.4), 4.3(+1.3-0.8) 76Be.A=0.646(0.025) 71Es01=0.6(0.1)",2010,,,,,일괄 스냅샷(2026-10-01),2012-03-01,E. BROWNE and  J. K. TULI,아니오
치명,반감기 불일치,264Lr,103,161,10# h,4.9 h ±1.7,+104%,내 값은 추정(#),B,중간,예,"{""value"": true, ""unit"": true, ""unc"": true}",10# h,A ?;SF ?,,추출 실패,,T,,,,,,,일괄 스냅샷(2026-10-01),2023-01-27,Balraj Singh,예
치명,반감기 불일치,253Rf,104,149,13 ± 5 ms,9.9 ms ±1.2,+31.3%,,B,중간,예,"{""value"": true, ""unit"": true, ""unc"": true}",13 ms 5,SF~100;A ?,06,97He29 TJD,1997,T,symmetrized from 97He29=11(+6-3),1997,,,,,일괄 스냅샷(2026-10-01),2023-02-12,Balraj Singh,예
치명,반감기 불일치,262Rf,104,158,250 ± 100 ms,2.3 s ±0.4,-89.1%,,A1,높음,예,"{""value"": true, ""unit"": true, ""unc"": true}",250 ms 100,SF~100,01,08Go.A TD,2008,T,"symmetrized from 08Go.A=210(+128-58), 7 SF events; others 85So03=1.3(1) 96La11=2.1(0.2) 94La22=1.2(+1.0-0.5) 98Tu01=2.5(+2.4-1.6). 11Ha13 and 08Go.A suggested that the long-lived activities belong to 261Rf",2011,,,,,일괄 스냅샷(2026-10-01),2001-08-01,Y. Akovali,아니오
치명,반감기 불일치,255Db,105,150,54 ms,1.6 s ±0.5,-96.6%,,A1,높음,예,"{""value"": true, ""unit"": true, ""unc"": true}",54 ms,SF~67;A ?,13,17He08 TD,2017,T,other 83OgZW=1.6(+0.6-0.4),2017,,,,,일괄 스냅샷(2026-10-01),2011-11-01,E. BROWNE and  J. K. TULI,아니오
치명,반감기 불일치,261Db,105,156,4.7 ± 1.0 s,1.8 s ±0.4,+161%,,A1,높음,예,"{""value"": true, ""unit"": true, ""unc"": true}",4.7 s 1.0,SF=73 11;A=27 11,99,13Su04 TD,2013,T,average 13Su04=4.7(+3.6-1.4) 10St14=4.1(+1.4-0.8); others 04Ga29=1.70(+0.79-0.49) 71Fl02=1.8(0.6) 71Gh01=1.8(0.6),2013,,,,,일괄 스냅샷(2026-10-01),1999-07-31,AGDA ARTNA-COHEN,아니오
치명,반감기 불일치,259Sg,106,153,402 ± 56 ms,0.29 s ±0.05,+38.6%,,A1,높음,예,"{""value"": true, ""unit"": true, ""unc"": true}",402 ms 56,A~100;SF ?;B+ ?,13,15An05 TJD,2015,T,,2015,,,,,일괄 스냅샷(2026-10-01),2011-08-01,E. BROWNE and  J. K. TULI,아니오
치명,반감기 불일치,264Sg,106,158,78 ± 25 ms,37 ms ±19,+111%,,A1,높음,예,"{""value"": true, ""unit"": true, ""unc"": true}",78 ms 25,SF>80;A ?,06,17He08 TD,2017,T,"symmetrized from 17He08=68(+32-16), determined by merging data from 10Ni14, 06Ni10 and 06Gr24",2017,,,,,일괄 스냅샷(2026-10-01),2006-11-25,BALRAJ SINGH,아니오
치명,반감기 불일치,269Sg,106,163,5 ± 2 min,1.3E2 s ±70,+131%,,B,중간,예,"{""value"": true, ""unit"": true, ""unc"": true}",5 m 2,A~100;SF ?,19,17Og01 T,2017,T,"average 17Og01,15Ut02=3.1(+3.7-1.1)m 16Ho09=185(+254-68)s; other 10El06=128(+613-58) s, one alpha event at 185 s",2017,,,,,일괄 스냅샷(2026-10-01),2021-09-14,C. Morse,예
치명,반감기 불일치,266Bh,107,159,10.6 ± 2.2 s,2.1 s ±1.9,+405%,,A1,높음,예,"{""value"": true, ""unit"": true, ""unc"": true}",10.6 s 2.2,A~100;B+ ?;SF ?,19,20Ha27 T,2020,T,symmetrized from 20Ha27=10.0(+2.6-1.7); others: 15Mo25=2.2(+2.9-0.8) 06Qi03=0.66(+0.59-0.26),2020,,,,,일괄 스냅샷(2026-10-01),2019-01-31,BALRAJ SINGH,아니오
치명,반감기 불일치,264Hs,108,156,0.7 ± 0.3 s (≈700 ms),~0.8 ms,×875,,A1,높음,예,"{""value"": true, ""unit"": true, ""unc"": true}",0.7 s 0.3,A=70 30;SF=30 30,99,17He08 TD,2017,T,"symmetrized from 17He08=0.63(+0.34-0.16), determined by merging data from 87Mu15 and 11Sa41",2017,,,,,일괄 스냅샷(2026-10-01),1998-11-01,Y. A. AKOVALI,아니오
치명,반감기 불일치,273Hs,108,165,"1,060 ± 500 ms (≈1.06 s)",0.51 s ±0.21,+108%,,B,중간,예,"{""value"": true, ""unit"": true, ""unc"": true}",1060 ms 500,A~100; SF ?,15,17Og01 T,2017,T,"symmetrized from 17Og01,15Ut02=760(+710-240); other 16Ho09=765(+765-255)",2017,,,,,일괄 스냅샷(2026-10-01),2021-09-14,C. Morse,예
치명,반감기 불일치,277Mt,109,168,9 ± 6 s,4 ms ±2.5,×2250,,B,중간,예,"{""value"": true, ""unit"": true, ""unc"": true}",9 s 6,SF=100;A ?,14,17Og01 TD,2017,T,"symmetrized from 17Og01,13Og04=5(+9-2)",2017,,,,,일괄 스냅샷(2026-10-01),2021-09-14,C. Morse,예
치명,반감기 불일치,285Nh,113,172,4.6 ± 1.1 s,0.93 s ±0.34,+395%,,B,중간,예,"{""value"": true, ""unit"": true, ""unc"": true}",4.6 s 1.1,A=100,10,17Og01 TD,2017,T,"symmetrized from 07Og01=4.2(+1.4-0.8); other 16Fo16=2.9(+1.4-0.7), reanalyzed data of 13Og04=4.2(+1.4-0.8), 12Og06=4.9(+6.7-1.8), 10Og01=5.5(+5.0-1.8)",2017,,,,,일괄 스냅샷(2026-10-01),2021-09-14,C. Morse,예
치명,반감기 불일치,285Fl,114,171,210 ± 100 ms,101 ms ±43,+108%,,B,중간,예,"{""value"": true, ""unit"": true, ""unc"": true}",210 ms 100,A~100;SF<20,15,17Og01 T,2017,T,"symmetrized from 17Og01,15Ut02=150(+140-50); other: 16Ho09=152(+152-51), analyzed same data as 17Og01",2017,,,,,일괄 스냅샷(2026-10-01),2021-09-14,C. Morse,예
높음,반감기 불일치,10Be,4,6,1.387 ± 0.012 My (≈1.387e+06 y),1.51E+6 Y ±4e+04,-8.15%,,A1,높음,예,"{""value"": true, ""unit"": true, ""unc"": true}",1.387 My 0.012,B-=100,07,10Ch18 T,2010,T,average 10Ch18=1.386(0.016) 10Ko19=1.388(0.018),2010,,,,,일괄 스냅샷(2026-10-01),2004-03-31,J.H. KELLEY and  C.G.SHEU AND J.L. GODWIN and  ET AL.,아니오
높음,반감기 불일치,15B,5,10,10.18 ± 0.35 ms,9.93 ms ±0.07,+2.52%,[참조: 단건 API 최신값],A1,높음,예,"{""value"": true, ""unit"": true, ""unc"": true}",10.18 ms 0.35,B-=100;B-n=98.7 10;B-2n<1.5,02,15Bi05 TD,2015,T,,2015,,,,,단건 캐시(2026-10-01),1990-07-01,F. AJZENBERG-SELOVE,아니오
높음,반감기 불일치,19O,8,11,26.470 ± 0.006 s,26.88 s ±0.05,-1.53%,,A1,높음,예,"{""value"": true, ""unit"": true, ""unc"": true}",26.470 s 0.006,B-=100,96,13Uj01 T,2013,T,average 13Uj01=26.476(0.009) 94It.A=26.464(0.009),2013,,,,,일괄 스냅샷(2026-10-01),1994-10-31,TILLEY and  WELLER and  CHEVES and  CHASTELER,아니오
높음,반감기 불일치,28Na,11,17,33.1 ± 1.3 ms,30.5 ms ±0.4,+8.52%,,A1,높음,예,"{""value"": true, ""unit"": true, ""unc"": true}",33.1 ms 1.3,B-=100;B-n=0.58 12,13,17Ha23 T,2017,T,unweighted average 17Ha23=34.6(1.0) 84Gu19=34.1(0.6) 74Ro31=30.5(0.4); Birge ratio=4.06,2017,,,,,일괄 스냅샷(2026-10-01),2013-04-01,M. Shamsuzzoha Basunia,아니오
높음,반감기 불일치,34Al,13,21,53.73 ± 0.13 ms,56.3 ms ±0.5,-4.56%,,A1,높음,예,"{""value"": true, ""unit"": true, ""unc"": true}",53.73 ms 0.13,B-=100;B-n=26 4;B-2n ?,12,19Li41 T,2019,T,,2019,,,,,일괄 스냅샷(2026-10-01),2012-05-28,NINEL NICA and  BALRAJ SINGH,아니오
높음,반감기 불일치,47Cr,24,23,461.6 ± 1.5 ms,500 ms ±15,-7.68%,,A1,높음,예,"{""value"": true, ""unit"": true, ""unc"": true}",461.6 ms 1.5,B+=100,07,없음,,T,average 77Ed01=460.0(1.5) 77Ho25=452(18) 85Bu07=508(10) 88HaZB=472.0(6.3) 85HoZS=520(40) 17Ku12=460(80),2017,,,,,일괄 스냅샷(2026-10-01),2007-02-20,T. W. BURROWS,아니오
높음,반감기 불일치,52Ni,28,24,41.8 ± 1.0 ms,40.8 ms ±0.2,+2.45%,,A1,높음,예,"{""value"": true, ""unit"": true, ""unc"": true}",41.8 ms 1.0,B+=100;B+p=31.1 5,15,16Or03 TD,2016,T,average 16Or03=42.8(3) 07Do17=40.8(2); other 94Fa06=38(5),2016,,,,,일괄 스냅샷(2026-10-01),2015-07-10,YANG DONG and  HUO JUNDE,아니오
높음,반감기 불일치,66Ga,31,35,9.304 ± 0.008 h,9.49 h ±0.03,-1.96%,,A1,높음,예,"{""value"": true, ""unit"": true, ""unc"": true}",9.304 h 0.008,B+=100,10,10Se16 T,2010,T,other 12Gy01=9.312(0.032) not used; Ensdf2010=9.49(0.03),2012,,,,,일괄 스냅샷(2026-10-01),2009-03-03,E. BROWNE and  J. K. TULI,아니오
높음,반감기 불일치,71Kr,36,35,98.8 ± 0.3 ms,94.9 ms ±0.4,+4.11%,,B,중간,예,"{""value"": true, ""unit"": true, ""unc"": true}",98.8 ms 0.3,B+=100;B+p=2.1 7,10,19Si33 T,2019,T,others 14Ro14=92(9) 97Oi01=100(3) 81Ew01=97(9) 95Bl23=64(+8-5). Values from 95Bl23 for 67Se and 71Kr questioned in 97Oi01,2019,,,,,일괄 스냅샷(2026-10-01),2023-01-17,Balraj Singh and Jun Chen,예
높음,반감기 불일치,77Kr,36,41,72.6 ± 0.9 min (≈1.21 h),71.25 m ±0.42,+1.89%,,A2,중간,예,"{""value"": true, ""unit"": true, ""unc"": true}",72.6 m 0.9,B+=100,20,19Ze02 T,2019,T,average 19Ze02=71.25(42) 73Ba22=75(3) 71Bo30=74.7(0.4) 60Bu22=71.1(0.5) 57Be46=69(6); Birge ratio=3.46,2019,,,,,일괄 스냅샷(2026-10-01),2020-09-30,BALRAJ SINGH,아니오
높음,반감기 불일치,95Tc,43,52,19.258 ± 0.026 h,20.0 h ±0.1,-3.71%,,A1,높음,예,"{""value"": true, ""unit"": true, ""unc"": true}",19.258 h 0.026,B+=100,10,20Sz02 T,2020,T,,2020,,,,,일괄 스냅샷(2026-10-01),2009-06-30,S. K. Basu and  G. Mukherjee and  A. A. Sonzogni,아니오
높음,반감기 불일치,95Ru,44,51,1.607 ± 0.004 h,1.643 h ±0.013,-2.19%,,A1,높음,예,"{""value"": true, ""unit"": true, ""unc"": true}",1.607 h 0.004,B+=100,10,20Sz02 T,2020,T,average 20Sz02=1.6033(0.0044) 70Bo22=1.632(0.021) 68Pi03=1.650(0.017),2020,,,,,일괄 스냅샷(2026-10-01),2009-06-30,S. K. Basu and  G. Mukherjee and  A. A. Sonzogni,아니오
높음,반감기 불일치,129Cd,48,81,147 ± 3 ms,154 ms ±2,-4.55%,,A1,높음,예,"{""value"": true, ""unit"": true, ""unc"": true}",147 ms 3,B-=100;B-n=?,14,16Du13 T,2016,T,from 16Du13=147(3) gated by gammas's in the high-spin decay; others 15Ta13=155(3) 09Ar04=104(6),2016,,,,,일괄 스냅샷(2026-10-01),2015-07-31,BALRAJ SINGH,아니오
높음,반감기 불일치,129In,49,80,570 ± 10 ms,611 ms ±5,-6.71%,,A1,높음,예,"{""value"": true, ""unit"": true, ""unc"": true}",570 ms 10,B-=100;B-n=0.23 7,14,15Lo04 T,2015,T,,2015,,,,,일괄 스냅샷(2026-10-01),2014-05-31,JANOS TIMAR AND ZOLTAN ELEKES and  BALRAJ SINGH,아니오
높음,반감기 불일치,133Sn,50,83,1.37 ± 0.07 s,1.46 s ±0.03,-6.16%,,A2,중간,예,"{""value"": true, ""unit"": true, ""unc"": true}",1.37 s 0.07,B-=100;B-n=0.0294 24,11,93Ru01 TD,1993,T,"average 06KeZZ=1.57(0.14) 93Ru01=1.20(0.05) 78Si05=1.37(0.07) 73Bo42=1.47(0.04), Birge ratio=2.57",2006,,,,,일괄 스냅샷(2026-10-01),2010-10-31,YU. KHAZOV AND A. RODIONOV and  F.G. KONDEV and  F.G. Kondev,아니오
높음,반감기 불일치,117Sb,51,66,2.97 ± 0.02 h,2.80 h ±0.01,+6.07%,,A1,높음,예,"{""value"": true, ""unit"": true, ""unc"": true}",2.97 h 0.02,B+=100,11,21Da02 T,2021,T,,2021,,,,,일괄 스냅샷(2026-10-01),2009-03-01,JEAN BLACHOT,아니오
높음,반감기 불일치,123Xe,54,69,2.08 ± 0.02 h,2.050 h ±0.014,+1.46%,,B,중간,예,"{""value"": true, ""unit"": true, ""unc"": true}",2.08 h 0.02,B+=100,04,90NeZY J,1990,T,,,,,,,일괄 스냅샷(2026-10-01),2021-04-15,Jun Chen,예
높음,반감기 불일치,125Cs,55,70,44.35 ± 0.29 min,46.7 m ±0.1,-5.03%,,A1,높음,예,"{""value"": true, ""unit"": true, ""unc"": true}",44.35 m 0.29,B+=100,11,19Sz01 T,2019,T,,2019,,,,,일괄 스냅샷(2026-10-01),2010-01-01,J. KATAKURA,아니오
높음,반감기 불일치,138Cs,55,83,33.5 ± 0.2 min,32.5 m ±0.2,+3.08%,,E,중간,예,"{""value"": true, ""unit"": true, ""unc"": true}",33.5 m 0.2,B-=100,17,없음,,T,,,원문 '33.5 m 0.2'에 NUBASE 자체 참조·주석 없음(ENSDF 연도 17). ENSDF 2017 채택값 32.5(2) m = 측정 7개 비가중 평균 32.49. 어떤 평균으로도 33.5가 나오지 않음. NUBASE2016은 33.41(18) → 2020 옮겨 적기 오류로 판단 (확신 중간),,,,일괄 스냅샷(2026-10-01),2017-09-30,JUN CHEN,아니오
높음,반감기 불일치,123La,57,66,17 ± 3 s,16.3 s ±0.3,+4.29%,,B,중간,예,"{""value"": true, ""unit"": true, ""unc"": true}",17 s 3,B+=100,04,없음,,T,,,,,,,일괄 스냅샷(2026-10-01),2021-04-15,Jun Chen,예
높음,반감기 불일치,135La,57,78,18.91 ± 0.02 h,19.5 h ±0.2,-3.03%,,A1,높음,예,"{""value"": true, ""unit"": true, ""unc"": true}",18.91 h 0.02,B+=100,08,18Ab02 T,2018,T,,2018,,,,,일괄 스냅샷(2026-10-01),2008-01-22,BALRAJ SINGH and  ALEXANDER A. RODIONOV and YURI L. KHAZOV,아니오
높음,반감기 불일치,144La,57,87,44.0 ± 0.7 s,40.8 s ±0.4,+7.84%,,A2,중간,예,"{""value"": true, ""unit"": true, ""unc"": true}",44.0 s 0.7,B-=100,01,FGK205 T,,T,other Ensdf2001=40.8(0.4) is likely affected by 144Ba impurities,,,,,,일괄 스냅샷(2026-10-01),2000-12-01,A.A. Sonzogni,아니오
높음,반감기 불일치,156Pm,61,95,27.4 ± 0.5 s,26.70 s ±0.1,+2.62%,,A1,높음,예,"{""value"": true, ""unit"": true, ""unc"": true}",27.4 s 0.5,B-=100,12,16Ko.A TJ,2016,T,unweighed average 16Ko.A=27.78(0.07) 87Gr12=26.70(0.10); Birge ratio=8.85,2016,,,,,일괄 스냅샷(2026-10-01),2012-03-01,C. W. REICH,아니오
높음,반감기 불일치,186Ta,73,113,10.5 ± 0.3 min,10.39 m ±0.03,+1.06%,,B,중간,예,"{""value"": true, ""unit"": true, ""unc"": true}",10.5 m 0.3,B-=100,03,없음,,T,,,,,,,일괄 스냅샷(2026-10-01),2022-03-01,J. C. Batchelder and A. M. Hurst and  M. S. Basunia,예
높음,반감기 불일치,187Re,75,112,41.6 ± 0.02 Gy (≈4.16e+10 y),4.33E+10 Y ±7e+08,-3.93%,,A2,중간,예,"{""value"": true, ""unit"": true, ""unc"": true}",41.6 Gy 0.02,IS=62.60 5;B-=100;A=0,09,01Be81 T,2001,T,"recommended in 01Be81, based on 96Sm.A data, in agreement with 01Ga01=41.2(1.1) (direct measurement); other: 96Bo37=32.9(2.0) y for q=75+ (bare ion)",2001,,,,,일괄 스냅샷(2026-10-01),2008-11-01,M. S. Basunia,아니오
높음,반감기 불일치,195Hg,80,115,10.69 ± 0.16 h,10.53 h ±0.03,+1.52%,,A1,높음,예,"{""value"": true, ""unit"": true, ""unc"": true}",10.69 h 0.16,B+=100,14,15Do01 T,2015,T,average 15Do01=10.84(0.03) 01Li17=10.53(0.03); Birge ratio B=7.3,2015,,,,,일괄 스냅샷(2026-10-01),2014-03-01,Huang Xiaolong and Kang Mengxiao,아니오
높음,반감기 불일치,197Hg,80,117,64.93 ± 0.07 h (≈2.7054 d),64.14 h ±0.05,+1.23%,,A1,높음,예,"{""value"": true, ""unit"": true, ""unc"": true}",64.93 h 0.07,EC=100,05,20Le04 T,2020,T,"average 20Le04=64.81(0.24) 01Li17=64.94(0.07); Ensdf2005 includes 66El09=64.14(0.05) strongly conflicting, Birge ratio would be 6.7",2020,,,,,일괄 스냅샷(2026-10-01),2002-01-01,HUANG XIAOLONG and  ZHOU CHUNMEI,아니오
높음,반감기 불일치,188Pb,82,106,25.1 ± 0.1 s,25.5 s ±0.1,-1.57%,,C,중간,예,"{""value"": true, ""unit"": true, ""unc"": true}",25.1 s 0.1,B+=91.5 5;A=8.5 5,18,없음,,T,,,,"ENSDF 2018: 25.5(1) s 중심 가중평균 25.5(1) s. NUBASE2020 25.1(1) s는 NUBASE2016(ENSDF 2002 기반)과 같음 → 2018 평가 미반영으로 추정, 사유 미기재",,,일괄 스냅샷(2026-10-01),2018-02-01,F.G. KONDEV and  S. JUUTINEN and  D.J. HARTLEY,아니오
높음,반감기 불일치,207Bi,83,124,31.22 ± 0.17 y,31.55 Y ±0.04,-1.05%,,A1,높음,예,"{""value"": true, ""unit"": true, ""unc"": true}",31.22 y 0.17,B+=100,11,14Un01 T,2014,T,,2014,,,,,일괄 스냅샷(2026-10-01),2010-08-01,F.G. KONDEV and  S. LALKOVSKI,아니오
높음,반감기 불일치,200Rn,86,114,1.09 ± 0.16 s,1.03 s ±0.03,+5.83%,[참조: 단건 API 최신값],B,중간,예,"{""value"": true, ""unit"": true, ""unc"": true}",1.09 s 0.16,A=92 8;B+ ?,07,없음,,T,symmetrized from Ensdf2007=1.03(+0.20-0.11),,,,,,단건 캐시(2026-10-01),2023-08-01,F.G. KONDEV,예
높음,반감기 불일치,245Cm,96,149,8.25 ± 0.07 ky (≈8250 y),8423 Y ±74,-2.05%,[참조: 단건 API 최신값],B,중간,예,"{""value"": true, ""unit"": true, ""unc"": true}",8.25 ky 0.07,A=100;SF=6.1e-7 9,11,12Ch30 T,2012,T,,2012,,,,,단건 캐시(2026-10-01),2023-02-14,C.D. Nesaraja,예
높음,반감기 한계와 모순,18Na,11,7,1.3 ± 0.4 zs,<0.2 MeV (폭 → >2.2812 zs),-43%,참조 하한값 범위 밖,A2,중간,예,"{""value"": true, ""unit"": true, ""unc"": true}",1.3 zs 0.4,p=?,15,04Ze05 TD,2004,T,,2004,,,,,일괄 스냅샷(2026-10-01),2015-07-29,J.H. Kelley and  G.C. Sheu,아니오
높음,반감기 한계와 모순,152Cs,55,97,17# ms,>50 ms,-66%,참조 하한값 범위 밖 · 내 값은 추정(#),C,중간,예,"{""value"": true, ""unit"": true, ""unc"": true}",17# ms,B- ?;B-n ?,18,87Ra12 I,1987,T,,,,"ENSDF 2018: T½ > 50 ms (1987Ra12 비행시간 하한). NUBASE2020 추정 17# ms(2016은 30# ms)가 이 하한과 모순, 사유 미기재",,,일괄 스냅샷(2026-10-01),2018-01-31,BALRAJ SINGH,아니오
높음,반감기 한계와 모순,184Os,76,108,11.2 ± 2.3 Ty (≈1.12e+13 y),>5.6E13 Y,-80%,[참조: 단건 API 최신값] 참조 하한값 범위 밖,A1,높음,예,"{""value"": true, ""unit"": true, ""unc"": true}",11.2 Ty 2.3,IS=0.02 2;A ?;2B+ ?,10,14Pe22 T,2014,T, decay half-life from 14Pe22; other 2+ 13Be07>25Py,2014,,,,,단건 캐시(2026-10-01),2009-10-01,CORAL M. BAGLIN,아니오
높음,분기비 불일치,9C,6,3,EC/B+ p 7.5%,EC/B+ p 62% ±1.9,-54.5%p,,A2,중간,예,,126.5 ms 0.9,B+=100;B+p=7.5 6;B+A=38.4 16,06,01Be51 D,2001,D,"%+p from %+(to 9B gs)=54.1(1.5) from 01Be51 and %+(to 9B exc) from 00Ge09, but renormalized in order to have %+(9C)=100, and %p/% from 00Ge09; %+=100 - %+(to 9B gs) - %+",2001,,,,,일괄 스냅샷(2026-10-01),2020-07-31,J.H. KELLEY and  B. Grees,아니오
높음,분기비 불일치,18N,7,11,B-N 7%,B-N 12% ±1.3,-5%p,,B,중간,예,,619.2 ms 1.9,B-=100;B-n=7.0 15;B-A=12.2 6;B-2n ?,96,05Li60 TD,2005,D,%- from 89Zh04 other %-n 94Sc01=2.2(0.4) 95Re.A=10.9(0.9) 91Re02=14.3(2.0)(same group),2005,,,,,일괄 스냅샷(2026-10-01),2021-06-30,R. Spitzer and  J.H. Kelley,예
높음,분기비 불일치,21Mg,12,9,EC/B+ p 20.1%,EC/B+ p 32.6% ±1,-12.5%p,,A1,높음,예,,120.0 ms 0.4,B+=100;B+p=20.1 21;B+A=0.116 18;B+pA=0.016 3,15,15Lu13 D,2015,D,%+p average 18Wa20=19.2(30) 15Lu13=21.0(3.0),2018,,,,,일괄 스냅샷(2026-10-01),2015-01-15,R.B. FIRESTONE,아니오
높음,분기비 불일치,21Mg,12,9,EC/B+ α 0.116%,EC/B+ α 0.5%,-0.384%p,,A1,높음,예,,120.0 ms 0.4,B+=100;B+p=20.1 21;B+A=0.116 18;B+pA=0.016 3,15,15Lu13 D,2015,D,%+p average 18Wa20=19.2(30) 15Lu13=21.0(3.0),2018,,,,,일괄 스냅샷(2026-10-01),2015-01-15,R.B. FIRESTONE,아니오
높음,분기비 불일치,22Si,14,8,EC/B+ p 62%,EC/B+ p 32% ±4,+30%p,,A1,높음,예,,28.7 ms 1.1,B+=100;B+p=62 5;B+2p=0.7 3,15,20Le16 TD,2020,D,"%+p from 20Le16, based on %I(p)=5.3(1.0), 43.0(4.6) and 13.5(2.1); %+2p from 17Xu01",2020,,,,,일괄 스냅샷(2026-10-01),2015-04-01,M. Shamsuzzoha Basunia,아니오
높음,분기비 불일치,27S,16,11,EC/B+ p 61%,EC/B+ p 2.3% ±0.9,+58.7%p,,A2,중간,예,,16.3 ms 0.2,B+=100;B+p=61 3;B+2p=3.0 6,11,19Su14 T,2019,D,%+p deduced from %+p + %+2p = 64(3) and %+2p=3.0(0.6),,,,,,일괄 스냅샷(2026-10-01),2010-11-30,M. Shamsuzzoha Basunia,아니오
높음,분기비 불일치,27S,16,11,EC/B+ 2p 3%,EC/B+ 2p 1.1% ±0.5,+1.9%p,,A2,중간,예,,16.3 ms 0.2,B+=100;B+p=61 3;B+2p=3.0 6,11,19Su14 T,2019,D,%+p deduced from %+p + %+2p = 64(3) and %+2p=3.0(0.6),,,,,,일괄 스냅샷(2026-10-01),2010-11-30,M. Shamsuzzoha Basunia,아니오
높음,분기비 불일치,42S,16,26,B-N <1%,B-N 4%,-3%p,내 값은 한계값,A2,중간,예,,1.016 s 0.015,B-=100;B-n<1,16,06Wi10 D,2006,D,,2006,,,,,일괄 스냅샷(2026-10-01),2016-05-31,JUN CHEN{+#} AND BALRAJ SINGH,아니오
높음,분기비 불일치,53K,19,34,B-2N 10%,B-2N 17%,-7%p,,A2,중간,예,,30 ms 5,B-=100;B-n~64 11;B-2n~10 5,09,06Pe16 JD,2006,D,,2006,,,,,일괄 스냅샷(2026-10-01),2007-03-31,HUO JUNDE,아니오
높음,분기비 불일치,37Ca,20,17,EC/B+ p 76.8%,EC/B+ p 82.1% ±0.7,-5.3%p,,A1,높음,예,,181.0 ms 0.9,B+=100;B+p=76.8 7,12,19Kl06 J,2019,D,"%+p average 15Su01=70.6(1.8) 07Do17=72.2(4.3) 97Tr05=78.4(0.8) 74Se11=75(2). Ensdf2012 gives 97Tr05=82.1(0.7), which differs from 97Tr05=78.4(0.8) quoted in the present evaluation",2015,,,,,일괄 스냅샷(2026-10-01),2012-01-15,JOHN CAMERON and  JUN CHEN AND BALRAJ SINGH and  NINEL NICA,아니오
높음,분기비 불일치,41Ti,22,19,EC/B+ p 91.1%,EC/B+ p 100%,-8.9%p,,A2,중간,예,,81.9 ms 0.5,B+=100;B+p=91.1 6,16,07Do17 D,2007,D,,2007,,,,,일괄 스냅샷(2026-10-01),2015-09-30,C.D. Nesaraja and  E.A. McCutchan,아니오
높음,분기비 불일치,59V,23,36,B-N >3%,B-N 0.03%,+2.97%p,내 값은 한계값,A2,중간,예,,95 ms 6,B-=100;B-n>3,18,05Li53 TJD,2005,D,,2005,,,,,일괄 스냅샷(2026-10-01),2018-04-01,M. Shamsuzzoha Basunia,아니오
높음,분기비 불일치,45Fe,26,19,EC/B+ p 18.9%,EC/B+ p 43% ±10,-24.1%p,,A2,중간,예,,2.5 ms 0.2,2p=70 4;B+=30 4;B+p=18.9 35;B+2p=7.8 23,08,07Mi36 TD,2007,D,%2p from 07Mi40; other 05Do20=57(10)%.,2007,,,,,일괄 스냅샷(2026-10-01),2007-10-30,T. W. BURROWS,아니오
높음,분기비 불일치,71Co,27,44,B-N 3%,B-N 16% ±2,-13%p,,B,중간,예,,80 ms 3,B-=100;B-n=3 1,10,12Ra10 TJD,2012,D,%-n from 12Ra10<2.7(0.9) and 05Ma95>3(1) of the same group,2012,,,,,일괄 스냅샷(2026-10-01),2023-01-17,Balraj Singh and Jun Chen,예
높음,분기비 불일치,54Zn,30,24,2P 87%,2P 92%,-5%p,,A2,중간,예,,1.8 ms 0.5,2p=87 7,14,11As08 TD,2011,D,%2p average 11As08=92(+6-13)% 05Bl15=87(+10-17)%,2011,,,,,일괄 스냅샷(2026-10-01),2014-06-20,YANG DONG and  HUO JUNDE,아니오
높음,분기비 불일치,57Zn,30,27,EC/B+ p 87%,EC/B+ p 65%,+22%p,,A1,높음,예,,45.7 ms 0.6,B+=100;B+p=87 9,98,20Gi02 T,2020,D,%+p average 20Ci04=90(10) 07Bl09=78(17),2020,,,,,일괄 스냅샷(2026-10-01),1998-09-24,M. R. BHAT,아니오
높음,분기비 불일치,58Zn,30,28,EC/B+ p 0.7%,EC/B+ p 3%,-2.3%p,,A1,높음,예,,86.0 ms 1.9,B+=100;B+p=0.7 1,14,20Ci04 D,2020,D,,2020,,,,,일괄 스냅샷(2026-10-01),2014-07-31,BALRAJ SINGH,아니오
높음,분기비 불일치,83Ga,31,52,B-N 85%,B-N 62.8% ±2.5,+22.2%p,,A1,높음,예,,310.0 ms 0.7,B-=100;B-n=85 4;B-2n ?,15,17Ve01 TD,2017,D,%-n others 16Ma50=56(7) 09Wi03=62.8(2.5) 80Lu04=43(7) 93Ru01=14.9(1.8),2017,,,,,일괄 스냅샷(2026-10-01),2014-12-31,E.A. MCCUTCHAN,아니오
높음,분기비 불일치,85Ga,31,54,B-N 77%,B-N 35%,+42%p,,A1,높음,예,,95.3 ms 1.0,B-=100;B-n=77 4;B-2n=1.3 2,14,19Yo03 TD,2019,D,%-n average 19Yo03=90(7)% 18Mi03=70(5)%,2019,,,,,일괄 스냅샷(2026-10-01),2013-12-31,BALRAJ SINGH AND JUN CHEN,아니오
높음,분기비 불일치,61Ge,32,29,EC/B+ p 87%,EC/B+ p 62%,+25%p,,A1,높음,예,,40.7 ms 0.4,B+=100;B+p=87 3,15,20Gi02 TD,2020,D,,2020,,,,,일괄 스냅샷(2026-10-01),2015-01-25,KAZIMIERZ ZUBER and  BALRAJ SINGH,아니오
높음,분기비 불일치,65Se,34,31,EC/B+ p 87%,EC/B+ p 100%,-13%p,[참조: 단건 API 최신값],A1,높음,예,,34.2 ms 0.7,B+=100;B+p=87 13,10,20Gi02 T,2020,D,%+p symmetrized from 11Ro47=88(+12-13),2011,,,,,단건 캐시(2026-10-01),2009-08-01,E. BROWNE and  J. K. TULI,아니오
높음,분기비 불일치,91Br,35,56,B-N 29.5%,B-N 19.5% ±2.6,+10%p,,A1,높음,예,,543 ms 4,B-=100;B-n=29.5 5,13,14Ag12 D,2014,D,,2014,,,,,일괄 스냅샷(2026-10-01),2013-09-01,Coral M. Baglin,아니오
높음,분기비 불일치,69Kr,36,33,EC/B+ p 94%,EC/B+ p 99%,-5%p,,A2,중간,예,,27.9 ms 0.8,B+=100;B+p=94 5,15,02Gi02 DT,2002,D,"%+p average 02Gi02=93(+7-6) 11Ro47=99(+1-11); other 14De41=52.5(6.5) + 2.4(0.5), conflicting",2014,,,,,일괄 스냅샷(2026-10-01),2015-03-31,C.D. NESARAJA,아니오
높음,분기비 불일치,102Rb,37,65,B-N 65%,B-N 18% ±8,+47%p,,A1,높음,예,,37 ms 4,B-=100;B-n=65 22;B-2n ?,09,16Wa16 JD,2016,D,other %-n=18(8) in 87PfZX,2016,,,,,일괄 스냅샷(2026-10-01),2008-12-31,D. DE FRENNE,아니오
높음,분기비 불일치,109Nb,41,68,B-N 31%,B-N 15%,+16%p,,A2,중간,예,,106.9 ms 4.9,B-=100;B-n=31 5,16,15Lo04 T,2015,D,%-n other 09Pe06<15 conflicting,2009,,,,,일괄 스냅샷(2026-10-01),2016-05-31,S. KUMAR(a) and  J. CHEN(b) AND F.G. KONDEV,아니오
높음,분기비 불일치,123Pd,46,77,B-N 10%,B-N 1.4% ±0.3,+8.6%p,,B,중간,예,,108 ms 1,B-=100;B-n=10 6,15,14SmZZ TD,2014,D,,2014,,,,,일괄 스냅샷(2026-10-01),2021-04-15,Jun Chen,예
높음,분기비 불일치,126Pd,46,80,B-N 22%,B-N 4.9% ±0.9,+17.1%p,,B,중간,예,,48.6 ms 0.8,B-=100;B-n=22 9,15,14SmZZ D,2014,D,,2014,,,,,일괄 스냅샷(2026-10-01),2021-10-01,H. Iimura and  J. Katakura and  S. Ohya,예
높음,분기비 불일치,96Ag,47,49,EC/B+ p 4.2%,EC/B+ p 8.5% ±1.5,-4.3%p,,A1,높음,예,,4.45 s 0.03,B+=100;B+p=4.2 4,08,19Pa16 TD,2019,D,%+p average 19Pa16=4.4(0.5) 96He25=3.7(0.9),2019,,,,,일괄 스냅샷(2026-10-01),2008-04-01,D. Abriola(a) and  A.A. Sonzogni,아니오
높음,분기비 불일치,101Sn,50,51,EC/B+ p 21%,EC/B+ p 26%,-5%p,,A1,높음,예,,2.22 s 0.05,B+=100;B+p=21.0 7,07,19Pa16 TD,2019,D,%+p average 19Pa16=23.6(0.8) 12Lo08=22(1) 10St.A=20(1),2019,,,,,일괄 스냅샷(2026-10-01),2007-10-15,BALRAJ SINGH,아니오
높음,분기비 불일치,136Sb,51,85,B-N 24.7%,B-N 18.5% ±1.8,+6.2%p,,A1,높음,예,,923 ms 14,B-=100;B-n=24.7 5;B-2n=0.14 3,18,20Wa04 D,2020,D,"%-n average 20Wa04=17.6(1.0,stat)(2.7,syst) 18Ca22=32.2(1.5) 15CaZM=19.2(1.8) 93Ru01=16.3(3.2); Birge ratio=3.97; %-2n from 18Ca22",2020,,,,,일괄 스냅샷(2026-10-01),2018-04-01,E.A. MCCUTCHAN,아니오
높음,분기비 불일치,136Sb,51,85,B-2N 0.14%,B-2N 1%,-0.86%p,,A1,높음,예,,923 ms 14,B-=100;B-n=24.7 5;B-2n=0.14 3,18,20Wa04 D,2020,D,"%-n average 20Wa04=17.6(1.0,stat)(2.7,syst) 18Ca22=32.2(1.5) 15CaZM=19.2(1.8) 93Ru01=16.3(3.2); Birge ratio=3.97; %-2n from 18Ca22",2020,,,,,일괄 스냅샷(2026-10-01),2018-04-01,E.A. MCCUTCHAN,아니오
높음,분기비 불일치,116Cs,55,61,EC/B+ p 0.28%,EC/B+ p 2.8% ±0.7,-2.52%p,,A2,중간,예,,700 ms 40,B+=100;B+p=0.28 7;B+A=0.049 25,10,77Bo28 D,1977,D,%+p from 77Bo28; Ensdf2010=2.8(0.7)% in error,1977,,,,,일괄 스냅샷(2026-10-01),2009-12-01,Jean Blachot,아니오
높음,분기비 불일치,150Cs,55,95,B-N 44%,B-N 20% ±10,+24%p,,A1,높음,예,,81.0 ms 2.6,B-=100;B-n~44;B-2n ?,17,18Li06 TD,2018,D,%-n other 00KoZH=20(10),2018,,,,,일괄 스냅샷(2026-10-01),2013-04-01,S. K. Basu and  A. A. Sonzogni,아니오
높음,분기비 불일치,117La,57,60,P 100%,P 93.9% ±0.7,+6.1%p,,P,높음,예,,21.7 ms 1.8,p~100;B+ ?;B+p ?,11,11Li28 TJ,2011,D,,,,"ENSDF 2009: %p 93.9(7)은 'T½(ε+β+)=388.3 ms(1997Mo25 이론) 가정'으로 산출. NUBASE는 관측 p~100, β+ ?",,,일괄 스냅샷(2026-10-01),2009-03-01,JEAN BLACHOT,아니오
높음,분기비 불일치,151Ho,67,84,EC/B+ 88%,EC/B+ 78% ±3,+10%p,,E,높음,예,,35.2 s 0.1,B+=88 3;A=22 3,09,87NeZZ J,1987,D,,,원문 'B+=88 3;A=22 3': 합 110%. LiveChart EC+β+ 78(3)%·α 22(3)% → 78을 88로 잘못 적은 것으로 판단,,,,일괄 스냅샷(2026-10-01),2008-11-20,BALRAJ SINGH,아니오
높음,분기비 불일치,164Ho,67,97,EC/B+ 39%,EC/B+ 60% ±5,-21%p,,E,높음,예,,28.8 m 0.5,EC=61 1;B+=39 1,17,없음,,D,,,"원문 'EC=61 1;B+=39 1': 합계(B+)가 내역(EC)보다 작고, QEC=987 keV<1022 keV라 양전자 방출 불가. Qβ−=962 keV로 β− 가능, LiveChart EC+β+ 60(5)%·β− 40(5)% → β−를 B+로 잘못 적은 것으로 판단",,,,일괄 스냅샷(2026-10-01),2017-11-30,BALRAJ SINGH AND JUN CHEN{+#},아니오
높음,분기비 불일치,150Lu,71,79,P 100%,P 70.9% ±1.9,+29.1%p,,P,높음,예,,45 ms 3,p~100;B+ ?,13,03Gi10 J,2003,D,,,,"ENSDF 2013: %p 70.9(19)은 'T½(ε+β+)=155 ms(1997Mo25 이론) 가정'으로 산출. NUBASE는 관측 p~100, β+ ?",,,일괄 스냅샷(2026-10-01),2013-04-01,S. K. Basu and  A. A. Sonzogni,아니오
높음,분기비 불일치,156Lu,71,85,A 100%,A 95%,+5%p,,L,중간,예,,494 ms 12,A=100;B+ ?,12,없음,,D,,,,"ENSDF 2012: %ε ≈ 5, %α ≈ 95. API가 '≈'를 버림. NUBASE A=100과 근삿값 차이",,,일괄 스냅샷(2026-10-01),2012-03-01,C. W. REICH,아니오
높음,분기비 불일치,161Hf,72,89,A 0.29%,A 0.13%,+0.16%p,,C,중간,예,,18.4 s 0.4,B+=99.71 5;A=0.29 5,15,없음,,D,,,,ENSDF 2014: %α < 0.13 (API는 부등호 손실). NUBASE2016도 A<0.13이었으나 NUBASE2020은 A=0.29(5) 측정값 — 근거 키 미추출,,,일괄 스냅샷(2026-10-01),2014-12-31,BALRAJ SINGH,아니오
높음,분기비 불일치,158Ta,73,85,A 100%,A 91%,+9%p,,A2,중간,예,,49 ms 4,A~100;B+ ?,17,97Da07 TD,1997,D,,1997,,,,,일괄 스냅샷(2026-10-01),2017-02-01,N. NICA,아니오
높음,분기비 불일치,166Re,75,91,EC/B+ 88%,EC/B+ 76%,+12%p,,A2,중간,예,,2.25 s 0.21,B+=88 7;A=12 7,08,92Me10 J,1992,D,+ and  decays were observed; % from Ensdf2008<24,,,,,,일괄 스냅샷(2026-10-01),2008-03-01,CORAL M. BAGLIN,아니오
높음,분기비 불일치,166Re,75,91,A 12%,A 24%,-12%p,,A2,중간,예,,2.25 s 0.21,B+=88 7;A=12 7,08,92Me10 J,1992,D,+ and  decays were observed; % from Ensdf2008<24,,,,,,일괄 스냅샷(2026-10-01),2008-03-01,CORAL M. BAGLIN,아니오
높음,분기비 불일치,172Os,76,96,A 1.19%,A 0.2%,+0.99%p,,A1,높음,예,,19.2 s 0.9,B+=98.81 17;A=1.19 17,95,95Hi02 D,1995,D,% average 04GoZZ=1.4(0.3) 95Hi02=1.1(0.2),2004,,,,,일괄 스냅샷(2026-10-01),1995-05-31,BALRAJ SINGH,아니오
높음,분기비 불일치,182Pt,78,104,EC/B+ 0.962%,EC/B+ 99.96% ±0.002,-99%p,,E,높음,예,,2.67 m 0.12,B+=0.962 2;A=0.038 2,15,없음,,D,,,원문 'B+=0.962 2;A=0.038 2': 합 1.000%. LiveChart EC+β+ 99.962(2)% → 앞자리 '99.' 누락으로 판단,,,,일괄 스냅샷(2026-10-01),2015-07-15,BALRAJ SINGH,아니오
높음,분기비 불일치,178Au,79,99,EC/B+ 84%,EC/B+ 60%,+24%p,,A1,높음,예,,3.4 s 0.5,B+=84 1;A=16 1,09,20Cu04 TDJ,2020,D,,2020,,,,,일괄 스냅샷(2026-10-01),2008-05-31,E. Achterberg and  O.A. Capurro and  G.V. Marti,아니오
높음,분기비 불일치,178Au,79,99,A 16%,A 40%,-24%p,,A1,높음,예,,3.4 s 0.5,B+=84 1;A=16 1,09,20Cu04 TDJ,2020,D,,2020,,,,,일괄 스냅샷(2026-10-01),2008-05-31,E. Achterberg and  O.A. Capurro and  G.V. Marti,아니오
높음,분기비 불일치,180Au,79,101,A 0.58%,A 1.8%,-1.22%p,,A1,높음,예,,7.9 s 0.3,B+=99.42 10;A=0.58 10,15,20Ha24 JTD,2020,D,,2020,,,,,일괄 스냅샷(2026-10-01),2015-02-01,E.A. MCCUTCHAN,아니오
높음,분기비 불일치,178Hg,80,98,A 89%,A 70%,+19%p,,A1,높음,예,,266.5 ms 2.4,A=89 4;B+ ?,09,12Ve04 D,2012,D,,2012,,,,,일괄 스냅샷(2026-10-01),2008-05-31,E. Achterberg and  O.A. Capurro and  G.V. Marti,아니오
높음,분기비 불일치,178Tl,81,97,A 62%,A 53%,+9%p,,A1,높음,예,,255 ms 9,A=62 2;B+=38 2;B+SF=0.15 6,09,13Li49 TJD,2013,D,,2013,,,,,일괄 스냅샷(2026-10-01),2008-05-31,E. Achterberg and  O.A. Capurro and  G.V. Marti,아니오
높음,분기비 불일치,178Tl,81,97,EC/B+ 38%,EC/B+ 47%,-9%p,,A1,높음,예,,255 ms 9,A=62 2;B+=38 2;B+SF=0.15 6,09,13Li49 TJD,2013,D,,2013,,,,,일괄 스냅샷(2026-10-01),2008-05-31,E. Achterberg and  O.A. Capurro and  G.V. Marti,아니오
높음,분기비 불일치,179Tl,81,98,A 60%,A 100%,-40%p,[참조: 단건 API 최신값],A1,높음,예,,437 ms 9,A=60 2;B+ ?,09,없음,,D,% from 13An10,2013,,,,,단건 캐시(2026-10-01),2008-11-15,Coral M. BAGLIN,아니오
높음,분기비 불일치,183Pb,82,101,A 100%,A 90%,+10%p,,L,중간,예,,535 ms 30,A~100;B+ ?,16,없음,,D,,,,ENSDF 2015: %α ≈ 90. API가 '≈'를 버림. NUBASE α~100과 둘 다 근삿값,,,일괄 스냅샷(2026-10-01),2015-04-15,CORAL M. BAGLIN,아니오
높음,분기비 불일치,191Pb,82,109,A 0.51%,A 0.013% ±0.005,+0.497%p,[참조: 단건 API 최신값],B,중간,예,,1.33 m 0.08,B+~100;A=0.51 5,07,10Co13 JD,2010,D,% other 74Ho26=0.013(0.005),2010,,,,,단건 캐시(2026-10-01),2023-12-01,M.S. Basunia,예
높음,분기비 불일치,190Bi,83,107,A 77%,A 90%,-13%p,,A2,중간,예,,6.3 s 0.1,A=77 21;B+=23 21;B+SF=6e-6 5,20,20An12 D,2020,D,% symmetrized from 91Va04=90(+10-30)%; %+SF from T1/2(+SF) 20An12=2.8(+13.4-2.1)e7 s and T1/2 20An12=5.7(8)s,2020,,,,,일괄 스냅샷(2026-10-01),2020-10-15,Balraj Singh and {+1} and Jun Chen{+2},아니오
높음,분기비 불일치,190Bi,83,107,EC/B+ 23%,EC/B+ 10%,+13%p,,A2,중간,예,,6.3 s 0.1,A=77 21;B+=23 21;B+SF=6e-6 5,20,20An12 D,2020,D,% symmetrized from 91Va04=90(+10-30)%; %+SF from T1/2(+SF) 20An12=2.8(+13.4-2.1)e7 s and T1/2 20An12=5.7(8)s,2020,,,,,일괄 스냅샷(2026-10-01),2020-10-15,Balraj Singh and {+1} and Jun Chen{+2},아니오
높음,분기비 불일치,194At,85,109,EC/B+ SF 0.032%,EC/B+ SF 0.8%,-0.768%p,,B,중간,예,,286 ms 7,A~100;B+=8.3#;B+SF=0.032#,06,13An03 TD,2013,D,%+SF 13An03=0.065(0.008) for both isomers,2013,,,,,일괄 스냅샷(2026-10-01),2021-09-03,Jun Chen and Balraj Singh,예
높음,분기비 불일치,199Rn,86,113,A 100%,A 94%,+6%p,,N,중간,예,,590 ms 30,A~100;B+ ?,07,없음,,D,,,,"ENSDF 2006: %ε = 6, %α = 94 (불확도 없음). NUBASE α~100, β+ ? — 근삿값 대 무불확도 값",,,일괄 스냅샷(2026-10-01),2006-10-15,BALRAJ SINGH,아니오
높음,분기비 불일치,200Rn,86,114,A 92%,A 86%,+6%p,[참조: 단건 API 최신값],B,중간,예,,1.09 s 0.16,A=92 8;B+ ?,07,없음,,D,% symmetrized from 93Wa04=86(+14-4)%,1993,,,,,단건 캐시(2026-10-01),2023-08-01,F.G. KONDEV,예
높음,분기비 불일치,211Fr,87,124,A 87%,A 80%,+7%p,,A2,중간,예,,3.10 m 0.02,A=87 3;B+=13 3,13,05Ku06 D,2005,D,,2005,,,,,일괄 스냅샷(2026-10-01),2013-02-28,A. Sonzogni and  G. Mukherjee and  H. Huang and  A. Tarazaga and  J. Wang,아니오
높음,분기비 불일치,211Fr,87,124,EC/B+ 13%,EC/B+ 20%,-7%p,,A2,중간,예,,3.10 m 0.02,A=87 3;B+=13 3,13,05Ku06 D,2005,D,,2005,,,,,일괄 스냅샷(2026-10-01),2013-02-28,A. Sonzogni and  G. Mukherjee and  H. Huang and  A. Tarazaga and  J. Wang,아니오
높음,분기비 불일치,221Fr,87,134,B- 0.0048%,B- 0.1%,-0.0952%p,,A2,중간,예,,4.801 m 0.005,A~100;B-=0.0048 15;14C=8.8e-11 11,07,13Su13 T,2013,D,%- from 97Ch53; %14C from 94Bo28,1997,,,,,일괄 스냅샷(2026-10-01),2007-01-15,Ashok Jain and  Sukhjeet Singh and  Suresh Kumar and  Jagdish Tuli,아니오
높음,분기비 불일치,208Ra,88,120,A 87%,A 95%,-8%p,,A1,높음,예,,1.110 s 0.045,A=87 3;B+ ?,07,10He25 TD,2010,D,,2010,,,,,일괄 스냅샷(2026-10-01),2007-06-01,M. J. MARTIN,아니오
높음,분기비 불일치,211Ra,88,123,A 100%,A 93%,+7%p,,A2,중간,예,,12.6 s 1.2,A~100;B+ ?,13,19Zh54 T,2019,D,% estimated by Nubase,,,,,,일괄 스냅샷(2026-10-01),2013-02-28,D. ABRIOLA and  P. DEMETRIOU and  M. HASSANVAND and  M. HUSSAIN,아니오
높음,분기비 불일치,212Ac,89,123,A 100%,A 95%,+5%p,,P,높음,예,,895 ms 28,A~100;B+ ?,20,14Ya19 T,2014,D,,,,"ENSDF 2020: %α = 95 CA, %ε = 5 CA (계산값). NUBASE는 관측 α~100, β+ ?",,,일괄 스냅샷(2026-10-01),2020-08-01,K. Auranen and E.A. McCutchan,아니오
높음,분기비 불일치,229Pu,94,135,A 50%,A 100%,-50%p,,A1,높음,예,,91 s 26,A~50 20;B+~50 20;SF<7,08,10Kh06 TD,2010,D,,2010,,,,,일괄 스냅샷(2026-10-01),2008-06-01,E. BROWNE and  J. K. TULI,아니오
높음,분기비 불일치,229Am,95,134,A 100%,A 91%,+9%p,,R,높음,예,,1.8 s 1.5,A~100;B+ ?,15,없음,,D,,,,"NuDat의 최신 ENSDF(Nucl. Data Sheets 208, 397 (2026))는 %α = 100 → 앱과 일치. LiveChart 스냅샷은 2015 평가(91%)",,,일괄 스냅샷(2026-10-01),2015-12-20,BALRAJ SINGH,아니오
높음,분기비 불일치,234Cm,96,138,SF 2%,SF 40%,-38%p,[참조: 단건 API 최신값],A1,높음,예,,52 s 9,B+~71;A~27;SF~2,07,10Kh06 D,2010,D,,2010,,,,,단건 캐시(2026-10-01),2006-06-01,E. BROWNE and  J. K. TULI,아니오
높음,분기비 불일치,234Cm,96,138,A 27%,A 40%,-13%p,[참조: 단건 API 최신값],A1,높음,예,,52 s 9,B+~71;A~27;SF~2,07,10Kh06 D,2010,D,,2010,,,,,단건 캐시(2026-10-01),2006-06-01,E. BROWNE and  J. K. TULI,아니오
높음,분기비 불일치,234Cm,96,138,EC/B+ 71%,EC/B+ 20%,+51%p,[참조: 단건 API 최신값],A1,높음,예,,52 s 9,B+~71;A~27;SF~2,07,10Kh06 D,2010,D,,2010,,,,,단건 캐시(2026-10-01),2006-06-01,E. BROWNE and  J. K. TULI,아니오
높음,분기비 불일치,236Bk,97,139,EC/B+ 100%,EC/B+ 83%,+17%p,,B,중간,예,,26 s 10,B+~100;A ?;B+SF=0.04 2,16,17Ko02 TD,2017,D,,2017,,,,,일괄 스냅샷(2026-10-01),2022-04-01,Shaofei Zhu,예
높음,분기비 불일치,239Bk,97,142,SF <0.01%,SF 1%,-0.99%p,내 값은 한계값,A2,중간,예,,100# s,B+~100;A<0.01;SF<0.01,14,10An08 TD,2010,D,,2010,,,,,일괄 스냅샷(2026-10-01),2013-06-30,E. BROWNE and  J. K. TULI,아니오
높음,분기비 불일치,239Bk,97,142,A <0.01%,A 1%,-0.99%p,내 값은 한계값,A2,중간,예,,100# s,B+~100;A<0.01;SF<0.01,14,10An08 TD,2010,D,,2010,,,,,일괄 스냅샷(2026-10-01),2013-06-30,E. BROWNE and  J. K. TULI,아니오
높음,분기비 불일치,237Cf,98,139,SF 30%,SF 10%,+20%p,[참조: 단건 API 최신값],A1,높음,예,,0.8 s 0.2,A=70 10;SF=30 10;B+ ?,06,10Kh06 TD,2010,D,,2010,,,,,단건 캐시(2026-10-01),2006-03-15,M. S. Basunia,아니오
높음,분기비 불일치,241Cf,98,143,A 15%,A 25%,-10%p,,A1,높음,예,,2.35 m 0.18,B+ ?;A=15 1,15,20Kh10 D,2020,D,,2020,,,,,일괄 스냅샷(2026-10-01),2015-09-30,C.D. NESARAJA,아니오
높음,분기비 불일치,244Cf,98,146,A 75%,A 100%,-25%p,,A1,높음,예,,19.5 m 0.5,A=75 6;EC=25 6,17,18Ko05 TD,2018,D,,2018,,,,,일괄 스냅샷(2026-10-01),2017-08-31,C.D. Nesaraja,아니오
높음,분기비 불일치,240Es,99,141,EC/B+ SF 0.16%,EC/B+ SF 4.8% ±1.8,-4.64%p,,A1,높음,예,,6.0 s 1.7,A=70 1;B+=30 1;B+SF=0.16 6,,17Ko02 TD,2017,D,,2017,,,,,일괄 스냅샷(2026-10-01),2016-12-22,F.G. KONDEV,아니오
높음,분기비 불일치,250Fm,100,150,A 100%,A 90%,+10%p,,L,높음,예,,31.0 m 1.1,A~100;SF=0.0069 10;EC ?,01,18Mi11 T,2018,D,,,,"ENSDF 2001: %α > 90, %ε < 10. LiveChart API가 부등호를 버려 '90'으로 보임 → NUBASE α~100과 양립",,,일괄 스냅샷(2026-10-01),2001-08-01,Y. Akovali,아니오
높음,분기비 불일치,260Md,101,159,SF 100%,SF 42%,+58%p,,A2,중간,예,,27.8 d 0.8,SF~100;A<5;EC<5;B-<3.5,99,92Lo.B TD,1992,D,,1992,,,,,일괄 스냅샷(2026-10-01),1998-10-01,Y. A. AKOVALI,아니오
높음,분기비 불일치,260Md,101,159,A <5%,A 25%,-20%p,내 값은 한계값,A2,중간,예,,27.8 d 0.8,SF~100;A<5;EC<5;B-<3.5,99,92Lo.B TD,1992,D,,1992,,,,,일괄 스냅샷(2026-10-01),1998-10-01,Y. A. AKOVALI,아니오
높음,분기비 불일치,260Md,101,159,EC/B+ <5%,EC/B+ 23%,-18%p,내 값은 한계값,A2,중간,예,,27.8 d 0.8,SF~100;A<5;EC<5;B-<3.5,99,92Lo.B TD,1992,D,,1992,,,,,일괄 스냅샷(2026-10-01),1998-10-01,Y. A. AKOVALI,아니오
높음,분기비 불일치,251No,102,149,A 83%,A 91%,-8%p,[참조: 단건 API 최신값],B,중간,예,,800 ms 10,A=83 16;B+ ?;SF<0.3,13,06He27 J,2006,D,% symmetrized from 01He35=91(+9-22)%,2001,,,,,단건 캐시(2026-10-01),2022-09-23,C. Morse,예
높음,분기비 불일치,257No,102,155,EC/B+ 15%,EC/B+ 30%,-15%p,,A2,중간,예,,24.5 s 0.5,A=85 8;B+=15 8;SF ?,13,02Ho11 D,2002,D,,2002,,,,,일괄 스냅샷(2026-10-01),2012-03-01,E. BROWNE and  J. K. TULI,아니오
높음,분기비 불일치,252Lr,103,149,A 98%,A 40%,+58%p,,B,중간,예,,369 ms 75,A~98;SF~2;B+ ?,06,08Ne01 TD,2008,D,%SF 76Og022%,2008,,,,,일괄 스냅샷(2026-10-01),2021-01-01,A.M. MATTERA and  S. ZHU and  A.B. HAYES and  E.A. MCCUTCHAN,예
높음,분기비 불일치,253Lr,103,150,A 90%,A 98.7%,-8.7%p,,A1,높음,예,,632 ms 46,A=90 10;SF=1.0 6;B+ ?,13,01He35 TJD,2001,D,%SF from 17He08; other 01He35=1.3(+3.0-1.0)%,2017,,,,,일괄 스냅샷(2026-10-01),2012-03-01,E. BROWNE and  J. K. TULI,아니오
높음,분기비 불일치,260Lr,103,157,EC/B+ 20%,EC/B+ 40%,-20%p,,L,높음,예,,3.0 m 0.5,A=80 20;B+=20 20,99,없음,,D,,,,"ENSDF 1998: %α = 80(20), %ε < 40. API 'EC/B+ 40'은 상한 → NUBASE β+ 20(20)과 양립",,,일괄 스냅샷(2026-10-01),1998-10-01,Y. A. AKOVALI,아니오
높음,분기비 불일치,253Rf,104,149,SF 100%,SF 83% ±6,+17%p,,B,중간,예,,13 ms 5,SF~100;A ?,06,97He29 TJD,1997,D,,1997,,,,,일괄 스냅샷(2026-10-01),2023-02-12,Balraj Singh,예
높음,분기비 불일치,257Rf,104,153,A 89.3%,A 79.3% ±1.4,+10%p,,A1,높음,예,,5.0 s 0.2,A=89.3 14;B+=9.4 14;SF=1.3 3,13,13Ri07 T,2013,D,"%+ from 16He08, stated that 10St14=19.4(1.4) is a misprint; other 09Qi04=2(1)%",2016,,,,,일괄 스냅샷(2026-10-01),2012-03-01,E. BROWNE and  J. K. TULI,아니오
높음,분기비 불일치,257Rf,104,153,EC/B+ 9.4%,EC/B+ 19.4% ±1.4,-10%p,,A1,높음,예,,5.0 s 0.2,A=89.3 14;B+=9.4 14;SF=1.3 3,13,13Ri07 T,2013,D,"%+ from 16He08, stated that 10St14=19.4(1.4) is a misprint; other 09Qi04=2(1)%",2016,,,,,일괄 스냅샷(2026-10-01),2012-03-01,E. BROWNE and  J. K. TULI,아니오
높음,분기비 불일치,259Rf,104,155,A 85%,A 92% ±2,-7%p,[참조: 단건 API 최신값],A1,높음,예,,2.63 s 0.26,A=85 4;B+=15 4;SF<3,13,08Ga08 T,2008,D,%+ 08Ga08=15(4)% to 259Lr followed by SF; %SF 17He08<3%,2017,,,,,단건 캐시(2026-10-01),2011-08-01,E. BROWNE and  J. K. TULI,아니오
높음,분기비 불일치,259Rf,104,155,SF <3%,SF 8% ±2,-5%p,[참조: 단건 API 최신값] 내 값은 한계값,A1,높음,예,,2.63 s 0.26,A=85 4;B+=15 4;SF<3,13,08Ga08 T,2008,D,%+ 08Ga08=15(4)% to 259Lr followed by SF; %SF 17He08<3%,2017,,,,,단건 캐시(2026-10-01),2011-08-01,E. BROWNE and  J. K. TULI,아니오
높음,분기비 불일치,255Db,105,150,SF 67%,SF 20%,+47%p,,A1,높음,예,,54 ms,SF~67;A ?,13,17He08 TD,2017,D,,2017,,,,,일괄 스냅샷(2026-10-01),2011-11-01,E. BROWNE and  J. K. TULI,아니오
높음,분기비 불일치,261Db,105,156,A 27%,A 82%,-55%p,,A1,높음,예,,4.7 s 1.0,SF=73 11;A=27 11,99,13Su04 TD,2013,D,from 13Su04 where 11 SF and 4  events were observed; uncertainty estimated by Nubase,2013,,,,,일괄 스냅샷(2026-10-01),1999-07-31,AGDA ARTNA-COHEN,아니오
높음,분기비 불일치,261Db,105,156,SF 73%,SF 18%,+55%p,,A1,높음,예,,4.7 s 1.0,SF=73 11;A=27 11,99,13Su04 TD,2013,D,from 13Su04 where 11 SF and 4  events were observed; uncertainty estimated by Nubase,2013,,,,,일괄 스냅샷(2026-10-01),1999-07-31,AGDA ARTNA-COHEN,아니오
높음,분기비 불일치,262Db,105,157,A 48%,A 67%,-19%p,,A1,높음,예,,34 s 4,SF=52 4;A=48 4;B+ ?,01,14Ha04 TD,2014,D,,2014,,,,,일괄 스냅샷(2026-10-01),2001-08-01,Y. Akovali,아니오
높음,분기비 불일치,270Db,105,165,SF 87%,SF 100%,-13%p,,A2,중간,예,,1.7 h 1.0,SF~87; A~13,19,14Kh04 TD,2014,D,,2014,,,,,일괄 스냅샷(2026-10-01),2019-01-31,BALRAJ SINGH,아니오
높음,분기비 불일치,260Sg,106,154,SF 71%,SF 50%,+21%p,[참조: 단건 API 최신값],A1,높음,예,,4.95 ms 0.33,SF=71 3;A=29 3,99,09He20 TD,2009,D,other 85Mu11 %SF=50(+30-20)% and %=50(+20-30)%,2009,,,,,단건 캐시(2026-10-01),1998-10-01,Y. A. AKOVALI,아니오
높음,분기비 불일치,260Sg,106,154,A 29%,A 50%,-21%p,[참조: 단건 API 최신값],A1,높음,예,,4.95 ms 0.33,SF=71 3;A=29 3,99,09He20 TD,2009,D,other 85Mu11 %SF=50(+30-20)% and %=50(+20-30)%,2009,,,,,단건 캐시(2026-10-01),1998-10-01,Y. A. AKOVALI,아니오
높음,분기비 불일치,262Sg,106,156,SF 94%,SF 78%,+16%p,,A1,높음,예,,10.3 ms 1.7,SF=94 6;A ?,01,17He08 D,2017,D,,2017,,,,,일괄 스냅샷(2026-10-01),2001-08-01,Y. Akovali,아니오
높음,분기비 불일치,263Sg,106,157,A 87%,A 70%,+17%p,,A1,높음,예,,940 ms 140,A=87 8;SF=13 8,99,06Gr24 TD,2006,D,,2006,,,,,일괄 스냅샷(2026-10-01),1999-07-31,AGDA ARTNA-COHEN,아니오
높음,분기비 불일치,263Sg,106,157,SF 13%,SF 30%,-17%p,,A1,높음,예,,940 ms 140,A=87 8;SF=13 8,99,06Gr24 TD,2006,D,,2006,,,,,일괄 스냅샷(2026-10-01),1999-07-31,AGDA ARTNA-COHEN,아니오
높음,분기비 불일치,271Sg,106,165,A 42%,A 50%,-8%p,,B,중간,예,,2.2 m 1.1,A=42 23;SF=58 23,06,17Og01 TD,2017,D,,2017,,,,,일괄 스냅샷(2026-10-01),2021-09-14,C. Morse,예
높음,분기비 불일치,271Sg,106,165,SF 58%,SF 50%,+8%p,,B,중간,예,,2.2 m 1.1,A=42 23;SF=58 23,06,17Og01 TD,2017,D,,2017,,,,,일괄 스냅샷(2026-10-01),2021-09-14,C. Morse,예
높음,분기비 불일치,264Bh,107,157,A 86%,A 100%,-14%p,,A1,높음,예,,1.07 s 0.21,A~86;SF~14;B+ ?,99,04Mo26 TD,2004,D,,2004,,,,,일괄 스냅샷(2026-10-01),1998-11-01,Y. A. AKOVALI,아니오
높음,분기비 불일치,264Hs,108,156,A 70%,A 50%,+20%p,,A1,높음,예,,0.7 s 0.3,A=70 30;SF=30 30,99,17He08 TD,2017,D,"%SF symmetrized from 17He08=20(+40-20), determined by merging data from 87Mu15 and 11Sa41",2017,,,,,일괄 스냅샷(2026-10-01),1998-11-01,Y. A. AKOVALI,아니오
높음,분기비 불일치,264Hs,108,156,SF 30%,SF 50%,-20%p,,A1,높음,예,,0.7 s 0.3,A=70 30;SF=30 30,99,17He08 TD,2017,D,"%SF symmetrized from 17He08=20(+40-20), determined by merging data from 87Mu15 and 11Sa41",2017,,,,,일괄 스냅샷(2026-10-01),1998-11-01,Y. A. AKOVALI,아니오
높음,분기비 불일치,270Hs,108,162,A 100%,A 50%,+50%p,[참조: 단건 API 최신값],A2,중간,예,,9 s 4,A~100;SF ?,19,13Og03 TD,2013,D,,2013,,,,,단건 캐시(2026-10-01),2019-01-31,BALRAJ SINGH,아니오
높음,분기비 불일치,266Mt,109,157,A 100%,A 75%,+25%p,,L,높음,예,,2.0 ms 0.5,A~100;SF ?,19,09Ne02 T,2009,D,,,,"ENSDF 2019: %α > 75, %SF < 25. API '75'는 하한 → NUBASE α~100과 양립",,,일괄 스냅샷(2026-10-01),2019-01-31,BALRAJ SINGH,아니오
높음,분기비 불일치,281Rg,111,170,SF 87%,SF 82%,+5%p,,B,중간,예,,19 s 5,SF=87 8;A=13 8,10,17Og01 TD,2017,D,%SF symmetrized from 17Og01=88(+7-9),2017,,,,,일괄 스냅샷(2026-10-01),2021-09-14,C. Morse,예
높음,분기비 불일치,281Rg,111,170,A 13%,A 18%,-5%p,,B,중간,예,,19 s 5,SF=87 8;A=13 8,10,17Og01 TD,2017,D,%SF symmetrized from 17Og01=88(+7-9),2017,,,,,일괄 스냅샷(2026-10-01),2021-09-14,C. Morse,예
높음,분기비 불일치,290Fl,114,176,EC/B+ <50%,EC/B+ 100%,-50%p,내 값은 한계값,A2,중간,예,,80 s 60,A~100; SF ?; B+<50,19,16Ho09 TD,2016,D,,2016,,,,,일괄 스냅샷(2026-10-01),2019-01-31,BALRAJ SINGH,아니오
높음,분기비 불일치,290Fl,114,176,A 100%,A 50%,+50%p,,A2,중간,예,,80 s 60,A~100; SF ?; B+<50,19,16Ho09 TD,2016,D,,2016,,,,,일괄 스냅샷(2026-10-01),2019-01-31,BALRAJ SINGH,아니오
높음,붕괴 모드 누락,10He,2,8,2N 100%,N 100%,,N 없음,S,높음,예,,260 ys 40,2n=100,07,없음,,D,most probably 2 neutron emitter from S2n=-1440(90) keV,,,,N,아니오,일괄 스냅샷(2026-10-01),2004-03-31,J.H. KELLEY and  C.G.SHEU AND J.L. GODWIN and  ET AL.,아니오
높음,붕괴 모드 누락,6Be,4,2,2P 100%,"A 100%, 2P 100%",,A 없음,S,높음,예,,5.0 zs 0.3,2p=100,02,없음,,D,,,,,A,아니오,일괄 스냅샷(2026-10-01),2001-08-23,HU and  TILLEY and  KELLEY et al.,아니오
높음,붕괴 모드 누락,16Be,4,12,2N 100%,N 100%,,N 없음,S,높음,예,,650 ys 130,2n=100,15,12Sp01 TD,2012,D,,2012,,,N,아니오,일괄 스냅샷(2026-10-01),2014-09-29,J. Kelley,아니오
높음,붕괴 모드 누락,31F,9,22,"B-, B-N, B-2N","B- 100%, B-7N, B-6N",,[참조: 단건 API 최신값] B-7N 없음,S,높음,예,,2# ms >260ns,B- ?;B-n ?;B-2n ?,13,99Sa06 I,1999,D,,,,,B-7N,아니오,단건 캐시(2026-10-01),2022-06-24,Jun Chen and Balraj Singh,예
높음,붕괴 모드 누락,31F,9,22,"B-, B-N, B-2N","B- 100%, B-7N, B-6N",,[참조: 단건 API 최신값] B-6N 없음,S,높음,예,,2# ms >260ns,B- ?;B-n ?;B-2n ?,13,99Sa06 I,1999,D,,,,,B-6N,아니오,단건 캐시(2026-10-01),2022-06-24,Jun Chen and Balraj Singh,예
높음,붕괴 모드 누락,31Ne,10,21,"B- 100%, B-N, B-2N","B- 100%, B-4N, B-3N",,[참조: 단건 API 최신값] B-4N 없음,S,높음,예,,3.4 ms 0.8,B-=100;B-n ?;B-2n ?,13,없음,,D,,,,,B-4N,아니오,단건 캐시(2026-10-01),2022-06-24,Jun Chen and Balraj Singh,예
높음,붕괴 모드 누락,31Ne,10,21,"B- 100%, B-N, B-2N","B- 100%, B-4N, B-3N",,[참조: 단건 API 최신값] B-3N 없음,S,높음,예,,3.4 ms 0.8,B-=100;B-n ?;B-2n ?,13,없음,,D,,,,,B-3N,아니오,단건 캐시(2026-10-01),2022-06-24,Jun Chen and Balraj Singh,예
높음,붕괴 모드 누락,35Na,11,24,"B- 100%, B-N, B-2N","B- 100%, B-N, B-4N",,[참조: 단건 API 최신값] B-4N 없음,S,높음,예,,1.5 ms 0.5,B-=100;B-n ?;B-2n ?,11,없음,,D,"-n was observed by 83La12, but it was not quantified",1983,,,B-4N,아니오,단건 캐시(2026-10-01),2017-12-15,BALRAJ SINGH AND JUN CHEN,아니오
높음,붕괴 모드 누락,37Mg,12,25,"B-, B-N, B-2N","B-N, N, B-",,[참조: 단건 API 최신값] N 없음,S,높음,예,,8 ms 4,B- ?;B-n ?;B-2n ?,12,14Ko14 J,2014,D,,,,,N,아니오,단건 캐시(2026-10-01),2012-01-15,JOHN CAMERON and  JUN CHEN AND BALRAJ SINGH and  NINEL NICA,아니오
높음,붕괴 모드 누락,40Mg,12,28,"B-, B-N, B-2N","B- 100%, B-7N, B-6N",,B-7N 없음,S,높음,예,,1# ms >170ns,B- ?;B-n ?;B-2n ?,17,14Cr02 I,2014,D,,,,,B-7N,아니오,일괄 스냅샷(2026-10-01),2021-05-21,BALRAJ SINGH,예
높음,붕괴 모드 누락,40Mg,12,28,"B-, B-N, B-2N","B- 100%, B-7N, B-6N",,B-6N 없음,S,높음,예,,1# ms >170ns,B- ?;B-n ?;B-2n ?,17,14Cr02 I,2014,D,,,,,B-6N,아니오,일괄 스냅샷(2026-10-01),2021-05-21,BALRAJ SINGH,예
높음,붕괴 모드 누락,26S,16,10,2P,P,,P 없음,S,높음,예,,<79ns,2p ?,16,추출 실패,,D,,,,,P,아니오,일괄 스냅샷(2026-10-01),2016-02-01,M.S. Basunia and A.M. Hurst,아니오
높음,붕괴 모드 누락,31K,19,12,3P 100%,P 100%,,P 없음,S,높음,예,,>10 ps,3p=100,,19Ko18 IT,2019,D,,,,,P,아니오,일괄 스냅샷(2026-10-01),2022-06-24,Jun Chen and Balraj Singh,예
높음,붕괴 모드 누락,55K,19,36,"B-, B-N, B-2N","B- 100%, B-4N, B-3N",,[참조: 단건 API 최신값] B-4N 없음,S,높음,예,,10# ms >620ns,B- ?;B-n ?;B-2n ?,09,09Ta24 I,2009,D,,,,,B-4N,아니오,단건 캐시(2026-10-01),2022-04-30,Balraj Singh,예
높음,붕괴 모드 누락,55K,19,36,"B-, B-N, B-2N","B- 100%, B-4N, B-3N",,[참조: 단건 API 최신값] B-3N 없음,S,높음,예,,10# ms >620ns,B- ?;B-n ?;B-2n ?,09,09Ta24 I,2009,D,,,,,B-3N,아니오,단건 캐시(2026-10-01),2022-04-30,Balraj Singh,예
높음,붕괴 모드 누락,34Ca,20,14,2P,"2P, P",,[참조: 단건 API 최신값] P 없음,S,높음,예,,<35ns,2p ?,12,추출 실패,,D,,,,,P,아니오,단건 캐시(2026-10-01),2012-05-28,NINEL NICA and  BALRAJ SINGH,아니오
높음,붕괴 모드 누락,64V,23,41,"B- 100%, B-N, B-2N","B- 100%, B-3N, B-2N",,[참조: 단건 API 최신값] B-3N 없음,S,높음,예,,15 ms 2,B-=100;B-n ?;B-2n ?,14,없음,,D,,,,,B-3N,아니오,단건 캐시(2026-10-01),2021-11-12,Balraj Singh and Jun Chen,예
높음,붕괴 모드 누락,44Mn,25,19,P,"EC, P",,EC/B+ 없음,S,높음,예,,<105ns,p ?,11,추출 실패,,D,,,,,EC/B+,아니오,일괄 스냅샷(2026-10-01),2011-07-31,JUN CHEN and  BALRAJ SINGH AND JOHN A. CAMERON,아니오
높음,붕괴 모드 누락,73Mn,25,48,B-,"B- 100%, B-N, B-2N",,B-N 없음,S,높음,예,,12# ms >410ns,B- ?,19,17Su15 I,2017,D,,,,,B-N,아니오,일괄 스냅샷(2026-10-01),2019-05-16,BALRAJ SINGH and JUN CHEN,아니오
높음,붕괴 모드 누락,73Mn,25,48,B-,"B- 100%, B-N, B-2N",,B-2N 없음,S,높음,예,,12# ms >410ns,B- ?,19,17Su15 I,2017,D,,,,,B-2N,아니오,일괄 스냅샷(2026-10-01),2019-05-16,BALRAJ SINGH and JUN CHEN,아니오
높음,붕괴 모드 누락,47Fe,26,21,"EC+B+ 100%, B+P 88.4%","EC+B+ 100%, ECP, EC2P",,EC/B+ 2p 없음,S,높음,예,,21.9 ms 0.2,B+=100;B+p=88.4 9,07,07Do17 TD,2007,D,,2007,,,2p,아니오,일괄 스냅샷(2026-10-01),2007-02-20,T. W. BURROWS,아니오
높음,붕괴 모드 누락,76Fe,26,50,B-,"B- 100%, B-3N, B-2N",,[참조: 단건 API 최신값] B-3N 없음,S,높음,예,,3# ms >410ns,B- ?,,17Su15 I,2017,D,,,,,B-3N,아니오,단건 캐시(2026-10-01),2024-01-08,Balraj Singh,예
높음,붕괴 모드 누락,76Fe,26,50,B-,"B- 100%, B-3N, B-2N",,[참조: 단건 API 최신값] B-2N 없음,S,높음,예,,3# ms >410ns,B- ?,,17Su15 I,2017,D,,,,,B-2N,아니오,단건 캐시(2026-10-01),2024-01-08,Balraj Singh,예
높음,붕괴 모드 누락,78Co,27,51,B-,"B- 100%, B-4N, B-3N",,B-4N 없음,S,높음,예,,11# ms >410ns,B- ?,,17Su15 I,2017,D,,,,,B-4N,아니오,일괄 스냅샷(2026-10-01),2022-12-17,Balraj Singh,예
높음,붕괴 모드 누락,78Co,27,51,B-,"B- 100%, B-4N, B-3N",,B-3N 없음,S,높음,예,,11# ms >410ns,B- ?,,17Su15 I,2017,D,,,,,B-3N,아니오,일괄 스냅샷(2026-10-01),2022-12-17,Balraj Singh,예
높음,붕괴 모드 누락,69Ni,28,41,B- 100%,"B- 100%, B-N",,B-N 없음,S,높음,예,,11.4 s 0.3,B-=100,14,없음,,D,,,,,B-N,아니오,일괄 스냅샷(2026-10-01),2013-07-31,C.D. NESARAJA,아니오
높음,붕괴 모드 누락,81Ni,28,53,B-,"B- 100%, B-N, B-2N",,B-N 없음,S,높음,예,,30# ms >410ns,B- ?,,17Su15 I,2017,D,,,,,B-N,아니오,일괄 스냅샷(2026-10-01),2022-12-17,Balraj Singh,예
높음,붕괴 모드 누락,81Ni,28,53,B-,"B- 100%, B-N, B-2N",,B-2N 없음,S,높음,예,,30# ms >410ns,B- ?,,17Su15 I,2017,D,,,,,B-2N,아니오,일괄 스냅샷(2026-10-01),2022-12-17,Balraj Singh,예
높음,붕괴 모드 누락,84Zn,30,54,"B- 100%, B-N 73%, B-2N","B- 100%, B-N 73%, B-3N",,B-3N 없음,S,높음,예,,54 ms 8,B-=100;B-n=73 26;B-2n ?,10,14XuZZ TD,2014,D,,2014,,,B-3N,아니오,일괄 스냅샷(2026-10-01),2022-09-09,BALRAJ SINGH,예
높음,붕괴 모드 누락,62Ga,31,31,EC+B+ 100%,"EC+B+ 100%, ECP",,EC/B+ p 없음,S,높음,예,,116.122 ms 0.021,B+=100,12,13Da16 T,2013,D,,,,,p,아니오,일괄 스냅샷(2026-10-01),2012-04-15,ALAN L. NICHOLS and  BALRAJ SINGH and  JAGDISH K. TULI,아니오
높음,붕괴 모드 누락,64Ge,32,32,EC+B+ 100%,"EC+B+ 100%, ECP",,EC/B+ p 없음,S,높음,예,,63.7 s 2.5,B+=100,07,없음,,D,,,,,p,아니오,일괄 스냅샷(2026-10-01),2021-11-12,Balraj Singh and Jun Chen,예
높음,붕괴 모드 누락,98Br,35,63,"B-, B-N, B-2N","B- 100%, B-3N, B-2N",,[참조: 단건 API 최신값] B-3N 없음,S,높음,예,,15# ms >400ns,B- ?;B-n ?;B-2n ?,20,10Oh02 I,2010,D,,,,,B-3N,아니오,단건 캐시(2026-10-01),2020-02-15,Jun Chen and  Balraj Singh,아니오
높음,붕괴 모드 누락,72Rb,37,35,P,"EC+B+, P",,[참조: 단건 API 최신값] EC/B+ 없음,S,높음,예,,103 ns 22,p ?,,17Su31 T,2017,D,,,,,EC/B+,아니오,단건 캐시(2026-10-01),2021-06-11,Balraj Singh,예
높음,붕괴 모드 누락,79Y,39,40,EC+B+ 100%,"EC+B+ 100%, ECP",,EC/B+ p 없음,S,높음,예,,14.8 s 0.6,B+=100,16,없음,,D,,,,,p,아니오,일괄 스냅샷(2026-10-01),2016-05-31,BALRAJ SINGH,아니오
높음,붕괴 모드 누락,80Y,39,41,EC+B+ 100%,"EC+B+ 100%, ECP",,EC/B+ p 없음,S,높음,예,,30.1 s 0.5,B+=100,05,없음,,D,,,,,p,아니오,일괄 스냅샷(2026-10-01),2005-06-22,BALRAJ SINGH,아니오
높음,붕괴 모드 누락,77Zr,40,37,"EC+B+, B+P, P","2P, EC+B+, ECP",,[참조: 단건 API 최신값] 2P 없음,S,높음,예,,100# us,B+ ?;B+p ?;p ?,20,17Su31 I,2017,D,,,,,2P,아니오,단건 캐시(2026-10-01),2020-09-30,BALRAJ SINGH,아니오
높음,붕괴 모드 누락,80Zr,40,40,EC+B+ 100%,"EC+B+ 100%, ECP",,EC/B+ p 없음,S,높음,예,,4.6 s 0.6,B+=100,05,01Ki13 T,2001,D,,,,,p,아니오,일괄 스냅샷(2026-10-01),2005-06-22,BALRAJ SINGH,아니오
높음,붕괴 모드 누락,84Nb,41,43,EC+B+ 100%,"EC+B+ 100%, ECP",,EC/B+ p 없음,S,높음,예,,9.8 s 0.9,B+=100,09,09St04 J,2009,D,,,,,p,아니오,일괄 스냅샷(2026-10-01),2009-09-30,D. Abriola and M. Galan,아니오
높음,붕괴 모드 누락,116Nb,41,75,"B-, B-N, B-2N","B- 100%, B-N, B-3N",,[참조: 단건 API 최신값] B-3N 없음,S,높음,예,,12# ms >550ns,B- ?;B-n ?;B-2n ?,,18Sh11 I,2018,D,,,,,B-3N,아니오,단건 캐시(2026-10-01),2021-01-31,BALRAJ SINGH,예
높음,붕괴 모드 누락,92Ag,47,45,"EC+B+, P","P, EC+B+, ECP",,EC/B+ p 없음,S,높음,예,,1# ms >400ns,B+ ?; p ?,16,16Ce02 I,2016,D,,,,,p,아니오,일괄 스냅샷(2026-10-01),2016-07-31,BALRAJ SINGH,아니오
높음,붕괴 모드 누락,96In,49,47,"EC+B+, P","ECP, EC+B+, P",,[참조: 단건 API 최신값] EC/B+ p 없음,S,높음,예,,1# ms >400ns,B+ ?; p ?,16,16Ce02 I,2016,D,,,,,p,아니오,단건 캐시(2026-10-01),2016-07-31,BALRAJ SINGH,아니오
높음,붕괴 모드 누락,104Te,52,52,A 100%,"A 100%, 2P",,2P 없음,S,높음,예,,<4 ns,A=100,,18Au04 D,2018,D,,2018,,,2P,아니오,일괄 스냅샷(2026-10-01),2021-01-31,BALRAJ SINGH,예
높음,붕괴 모드 누락,108Xe,54,54,A 100%,"A 100%, 2P",,2P 없음,S,높음,예,,72 us 35,A=100,,18Au04 TD,2018,D,,2018,,,2P,아니오,일괄 스냅샷(2026-10-01),2021-01-31,BALRAJ SINGH,예
높음,붕괴 모드 누락,152Cs,55,97,"B-, B-N","B- 100%, B-N, B-2N",,B-2N 없음,S,높음,예,,17# ms,B- ?;B-n ?,18,87Ra12 I,1987,D,,,,,B-2N,아니오,일괄 스냅샷(2026-10-01),2018-01-31,BALRAJ SINGH,아니오
높음,붕괴 모드 누락,118Ba,56,62,EC+B+ 100%,"EC+B+ 100%, ECP",,EC/B+ p 없음,S,높음,예,,5.2 s 0.2,B+=100,06,97Ja12 T,1997,D,,,,,p,아니오,일괄 스냅샷(2026-10-01),2022-01-07,Balraj Singh,예
높음,붕괴 모드 누락,154Ba,56,98,B- 100%,"B- 100%, B-N",,B-N 없음,S,높음,예,,53 ms 48,B-=100,17,17Wu04 TD,2017,D,,2017,,,B-N,아니오,일괄 스냅샷(2026-10-01),2017-02-20,F.G. KONDEV,아니오
높음,붕괴 모드 누락,157La,57,100,"B-, B-N","B- 100%, B-N, B-2N",,B-2N 없음,S,높음,예,,30# ms >550ns,B- ?;B-n ?,,18Sh11 I,2018,D,,,,,B-2N,아니오,일괄 스냅샷(2026-10-01),2021-01-31,BALRAJ SINGH,예
높음,붕괴 모드 누락,128Nd,60,68,EC+B+,"EC+B+ 100%, ECP",,EC/B+ p 없음,S,높음,예,,5# s,B+ ?,15,없음,,D,,,,,p,아니오,일괄 스냅샷(2026-10-01),2015-02-28,ZOLTAN ELEKES AND JANOS TIMAR,아니오
높음,붕괴 모드 누락,158Nd,60,98,B- 100%,"B- 100%, B-N",,B-N 없음,S,높음,예,,810 ms 30,B-=100,17,17Wu04 TD,2017,D,,2017,,,B-N,아니오,일괄 스냅샷(2026-10-01),2017-02-01,N. NICA,아니오
높음,붕괴 모드 누락,162Nd,60,102,B- 100%,"B- 100%, B-N",,B-N 없음,S,높음,예,,310 ms 200,B-=100,17,17Wu04 TD,2017,D,,2017,,,B-N,아니오,일괄 스냅샷(2026-10-01),2017-02-20,FILIP G KONDEV,아니오
높음,붕괴 모드 누락,128Pm,61,67,"EC+B+ 100%, B+P, P 0%","EC 100%, A, ECP",,[참조: 단건 API 최신값] A 없음,S,높음,예,=? 통합(SCI-03),1.0 s 0.3,B+~100;B+p= ?;p=0,15,93Li40 D,1993,D,%p 93Li40=0,1993,,,A,아니오,단건 캐시(2026-10-01),2015-02-28,ZOLTAN ELEKES AND JANOS TIMAR,아니오
높음,붕괴 모드 누락,163Sm,62,101,B- 100%,"B- 100%, B-N",,B-N 없음,S,높음,예,,1.3 s 0.5,B-=100,17,17Wu04 TD,2017,D,,2017,,,B-N,아니오,일괄 스냅샷(2026-10-01),2017-02-20,FILIP G KONDEV,아니오
높음,붕괴 모드 누락,166Sm,62,104,B- 100%,"B- 100%, B-N",,B-N 없음,S,높음,예,,800 ms 630,B-=100,17,17Wu04 TD,2017,D,,2017,,,B-N,아니오,일괄 스냅샷(2026-10-01),2017-02-20,FILIP G KONDEV,아니오
높음,붕괴 모드 누락,169Eu,63,106,B-,"B- 100%, B-N",,B-N 없음,S,높음,예,,420# ms >550ns,B- ?,,18Fu08 I,2018,D,,,,,B-N,아니오,일괄 스냅샷(2026-10-01),2021-01-31,BALRAJ SINGH,예
높음,붕괴 모드 누락,139Tb,65,74,"EC+B+ 100%, B+P","EC+B+, ECP, P",,P 없음,S,높음,예,,1.6 s 0.2,B+=100;B+p ?,16,없음,,D,,,,,P,아니오,일괄 스냅샷(2026-10-01),2016-10-15,P.K. JOSHI and  B. SINGH and  S. SINGH and  A.K. JAIN,아니오
높음,붕괴 모드 누락,164Ho,67,97,"EC 61%, EC+B+ 39%","EC+B+ 60%, B- 40%",,B- 없음,E,높음,예,,28.8 m 0.5,EC=61 1;B+=39 1,17,없음,,D,,,"원문 'EC=61 1;B+=39 1': 합계(B+)가 내역(EC)보다 작고, QEC=987 keV<1022 keV라 양전자 방출 불가. Qβ−=962 keV로 β− 가능, LiveChart EC+β+ 60(5)%·β− 40(5)% → β−를 B+로 잘못 적은 것으로 판단",,B-,아니오,일괄 스냅샷(2026-10-01),2017-11-30,BALRAJ SINGH AND JUN CHEN{+#},아니오
높음,붕괴 모드 누락,174Ho,67,107,B- 100%,"B- 100%, B-N",,B-N 없음,S,높음,예,,3.7 s 0.4,B-=100,17,20Li28 JTD,2020,D,,2020,,,B-N,아니오,일괄 스냅샷(2026-10-01),2013-09-30,BALRAJ SINGH AND MICHAEL BIRCH,아니오
높음,붕괴 모드 누락,177Ho,67,110,"B- 100%, N","B- 100%, B-N",,B-N 없음,S,높음,예,,1# s >550ns,B-=100;n ?,19,18Fu08 I,2018,D,,,,,B-N,아니오,일괄 스냅샷(2026-10-01),2019-08-30,F.G. KONDEV,아니오
높음,붕괴 모드 누락,152Yb,70,82,EC+B+ 100%,"EC+B+ 100%, B+P",,EC/B+ p 없음,S,높음,예,,3.03 s 0.06,B+=100,13,없음,,D,,,,,p,아니오,일괄 스냅샷(2026-10-01),2013-08-31,M. J. MARTIN,아니오
높음,붕괴 모드 누락,187Lu,71,116,B-,"B- 100%, B-N",,B-N 없음,S,높음,예,,7# s >300ns,B- ?,13,12Ku26 I,2012,D,,,,,B-N,아니오,일괄 스냅샷(2026-10-01),2022-03-31,Balraj Singh,예
높음,붕괴 모드 누락,162Ta,73,89,"EC+B+ 99.93%, A 0.074%","EC+B+ 99.93%, A 0.074%, ECP",,EC/B+ p 없음,S,높음,예,,3.57 s 0.12,B+=99.926 10;A=0.074 10,16,없음,,D,,,,,p,아니오,일괄 스냅샷(2026-10-01),2015-07-31,BALRAJ SINGH,아니오
높음,붕괴 모드 누락,199Re,75,124,B-,"B-, B-N",,B-N 없음,S,높음,예,,250# ms >300ns,B- ?,13,12Ku26 I,2012,D,,,,,B-N,아니오,일괄 스냅샷(2026-10-01),2013-09-30,BALRAJ SINGH AND MICHAEL BIRCH,아니오
높음,붕괴 모드 누락,178Os,76,102,EC+B+ 100%,"EC+B+ 100%, A",,A 없음,S,높음,예,,5.0 m 0.4,B+=100,09,없음,,D,,,,,A,아니오,일괄 스냅샷(2026-10-01),2008-05-31,E. Achterberg and  O.A. Capurro and  G.V. Marti,아니오
높음,붕괴 모드 누락,168Ir,77,91,"A 100%, EC+B+, B+P","A 100%, P, EC+B+",,[참조: 단건 API 최신값] P 없음,S,높음,예,,230 ms 50,A~100;B+ ?;B+p ?,10,없음,,D,,,,,P,아니오,단건 캐시(2026-10-01),2010-06-15,CORAL M. BAGLIN,아니오
높음,붕괴 모드 누락,169Ir,77,92,"A 53%, EC+B+","A 45%, P, EC+B+",,[참조: 단건 API 최신값] P 없음,S,높음,예,,353 ms 4,A=53 7;B+ ?,08,12Th13 D,2012,D,% average of 12Th13=57(9) 05Sc22=42(15) 99Po09=50(18),2012,,,P,아니오,단건 캐시(2026-10-01),2008-06-15,CORAL M. BAGLIN,아니오
높음,붕괴 모드 누락,205Pt,78,127,B-,"B- 100%, B-N",,B-N 없음,S,높음,예,,2# s >300ns,B- ?,20,없음,,D,,,,,B-N,아니오,일괄 스냅샷(2026-10-01),2020-04-20,F.G. KONDEV,아니오
높음,붕괴 모드 누락,173Au,79,94,"A 86%, EC+B+","A 94%, P, EC+B+",,P 없음,S,높음,예,,25.5 ms 0.8,A=86 13;B+ ?,15,12Th13 T,2012,D,% symmetrized from 99Po09=94(+6-19)%,1999,,,P,아니오,일괄 스냅샷(2026-10-01),2015-08-15,J. Tuli,아니오
높음,붕괴 모드 누락,179Tl,81,98,"A 60%, EC+B+","A 100%, P, EC+B+",,[참조: 단건 API 최신값] P 없음,S,높음,예,,437 ms 9,A=60 2;B+ ?,09,없음,,D,% from 13An10,2013,,,P,아니오,단건 캐시(2026-10-01),2008-11-15,Coral M. BAGLIN,아니오
높음,붕괴 모드 누락,217U,92,125,"A 100%, B-","A 100%, EC+B+",,EC/B+ 없음,S,높음,예,,850 us 710,A~100;B- ?,18,05Le42 T,2005,D,,,,,EC/B+,아니오,일괄 스냅샷(2026-10-01),2017-12-01,BALRAJ SINGH,아니오
높음,붕괴 모드 누락,219Np,93,126,A 100%,"A 100%, P",,P 없음,S,높음,예,,570 us 450,A=100,16,18Ya01 T,2018,D,,,,,P,아니오,일괄 스냅샷(2026-10-01),2021-05-19,Balraj Singh et al. and ,예
높음,붕괴 모드 누락,257Es,99,158,"B- 100%, A","SF, B-",,[참조: 단건 API 최신값] SF 없음,S,높음,예,,7.7 d 0.2,B-=100;A ?,13,없음,,D,,,,,SF,아니오,단건 캐시(2026-10-01),2012-03-01,E. BROWNE and  J. K. TULI,아니오
높음,붕괴 모드 누락,246Md,101,145,A 100%,"A 100%, SF, EC+B+",,[참조: 단건 API 최신값] SF 없음,S,높음,예,,0.92 s 0.18,A=100,11,10An08 TD,2010,D,,2010,,,SF,아니오,단건 캐시(2026-10-01),2022-07-31,C.D. Nesaraja,예
높음,붕괴 모드 누락,246Md,101,145,A 100%,"A 100%, SF, EC+B+",,[참조: 단건 API 최신값] EC/B+ 없음,S,높음,예,,0.92 s 0.18,A=100,11,10An08 TD,2010,D,,2010,,,EC/B+,아니오,단건 캐시(2026-10-01),2022-07-31,C.D. Nesaraja,예
높음,붕괴 모드 누락,249Md,101,148,"A 75%, EC+B+","A 75%, EC+B+ 25%, SF",,[참조: 단건 API 최신값] SF 없음,S,높음,예,,25.6 s 0.9,A=75 5;B+ ?,11,19Br06 TD,2019,D,,2019,,,SF,아니오,단건 캐시(2026-10-01),2023-10-12,C.D. Nesaraja,예
높음,붕괴 모드 누락,267Rf,104,163,SF 100%,"SF 100%, A 33.3%",,A 없음,S,높음,예,,2.5 h 1.5,SF=100,05,17Og01 TD,2017,D,,2017,,,A,아니오,일괄 스냅샷(2026-10-01),2021-09-14,C. Morse,예
높음,붕괴 모드 누락,267Db,105,162,SF 100%,"SF 100%, A 25%",,A 없음,S,높음,예,,2.0 h 1.1,SF=100,05,17Og01 TD,2017,D,,2017,,,A,아니오,일괄 스냅샷(2026-10-01),2021-09-14,C. Morse,예
높음,붕괴 모드 누락,267Bh,107,160,A 100%,"A 100%, SF 8%",,SF 없음,S,높음,예,,22 s 10,A=100,05,없음,,D,,,,,SF,아니오,일괄 스냅샷(2026-10-01),2021-09-14,C. Morse,예
높음,붕괴 모드 누락,270Bh,107,163,A 100%,"A 100%, SF",,SF 없음,S,높음,예,,3.8 m 3.0,A=100,19,17Og01 TD,2017,D,,2017,,,SF,아니오,일괄 스냅샷(2026-10-01),2019-01-31,BALRAJ SINGH,아니오
높음,붕괴 모드 누락,271Bh,107,164,A 100%,"A 100%, SF 25%",,SF 없음,S,높음,예,,2.9 s 1.9,A=100,05,17Og01 TD,2017,D,,2017,,,SF,아니오,일괄 스냅샷(2026-10-01),2021-09-14,C. Morse,예
높음,붕괴 모드 누락,274Bh,107,167,A 100%,"A 100%, SF",,SF 없음,S,높음,예,,57 s 27,A=100,19,17Og01 TD,2017,D,,2017,,,SF,아니오,일괄 스냅샷(2026-10-01),2019-01-31,BALRAJ SINGH,아니오
높음,붕괴 모드 누락,269Hs,108,161,A 100%,"A 100%, SF 5%",,SF 없음,S,높음,예,,15 s 7,A=100,05,15Mo25 T,2015,D,,,,,SF,아니오,일괄 스냅샷(2026-10-01),2021-09-14,C. Morse,예
높음,붕괴 모드 누락,275Hs,108,167,A 100%,"A 100%, SF 20%",,SF 없음,S,높음,예,,280 ms 130,A=100,05,17Og01 TD,2017,D,,2017,,,SF,아니오,일괄 스냅샷(2026-10-01),2021-09-14,C. Morse,예
높음,붕괴 모드 누락,274Mt,109,165,A 100%,"A 100%, SF",,SF 없음,S,높음,예,,850 ms 540,A=100,19,17Og01 TD,2017,D,,2017,,,SF,아니오,일괄 스냅샷(2026-10-01),2019-01-31,BALRAJ SINGH,아니오
높음,붕괴 모드 누락,275Mt,109,166,A 100%,"A 100%, SF 25%",,SF 없음,S,높음,예,,31 ms 17,A=100,05,17Og01 TD,2017,D,,2017,,,SF,아니오,일괄 스냅샷(2026-10-01),2021-09-14,C. Morse,예
높음,붕괴 모드 누락,278Mt,109,169,A 100%,"A 100%, SF",,SF 없음,S,높음,예,,6 s 3,A=100,19,17Og01 TD,2017,D,,2017,,,SF,아니오,일괄 스냅샷(2026-10-01),2019-01-31,BALRAJ SINGH,아니오
높음,붕괴 모드 누락,269Ds,110,159,A 100%,"A 100%, SF 25%",,SF 없음,S,높음,예,,230 us 110,A=100,05,95Ho03 T,1995,D,,,,,SF,아니오,일괄 스냅샷(2026-10-01),2021-09-14,C. Morse,예
높음,붕괴 모드 누락,273Ds,110,163,A 100%,"A 100%, SF 17%",,SF 없음,S,높음,예,,240 us 100,A~100,05,15Mo25 T,2015,D,,,,,SF,아니오,일괄 스냅샷(2026-10-01),2021-09-14,C. Morse,예
높음,붕괴 모드 누락,278Rg,111,167,A 100%,"A 100%, SF",,SF 없음,S,높음,예,,8 ms 5,A=100,19,17Og01 TD,2017,D,,2017,,,SF,아니오,일괄 스냅샷(2026-10-01),2019-01-31,BALRAJ SINGH,아니오
높음,붕괴 모드 누락,279Rg,111,168,A 100%,"A 100%, SF 25%",,SF 없음,S,높음,예,,170 ms 110,A=100,05,17Og01 TD,2017,D,,2017,,,SF,아니오,일괄 스냅샷(2026-10-01),2021-09-14,C. Morse,예
높음,붕괴 모드 누락,282Rg,111,171,A 100%,"A 100%, SF",,SF 없음,S,높음,예,,130 s 50,A=100,19,17Og01 TD,2017,D,,2017,,,SF,아니오,일괄 스냅샷(2026-10-01),2019-01-31,BALRAJ SINGH,아니오
높음,붕괴 모드 누락,277Cn,112,165,A 100%,"A 100%, SF 17%",,SF 없음,S,높음,예,,790 us 330,A=100,05,15Mo25 TD,2015,D,,2015,,,SF,아니오,일괄 스냅샷(2026-10-01),2021-09-14,C. Morse,예
높음,붕괴 모드 누락,284Cn,112,172,SF 100%,"SF 100%, A 3%",,A 없음,S,높음,예,,102 ms 17,SF=100,19,17Og01 TD,2017,D,,2017,,,A,아니오,일괄 스냅샷(2026-10-01),2019-01-31,BALRAJ SINGH,아니오
높음,붕괴 모드 누락,285Cn,112,173,A 100%,"A 100%, SF 6%",,SF 없음,S,높음,예,,30 s 8,A=100,05,17Og01 TD,2017,D,,2017,,,SF,아니오,일괄 스냅샷(2026-10-01),2021-09-14,C. Morse,예
높음,붕괴 모드 누락,282Nh,113,169,A 100%,"A 100%, SF",,SF 없음,S,높음,예,,140 ms 90,A=100,19,17Og01 TD,2017,D,,2017,,,SF,아니오,일괄 스냅샷(2026-10-01),2019-01-31,BALRAJ SINGH,아니오
높음,붕괴 모드 누락,283Nh,113,170,A 100%,"A 100%, SF 25%",,SF 없음,S,높음,예,,140 ms 90,A=100,05,17Og01 TD,2017,D,,2017,,,SF,아니오,일괄 스냅샷(2026-10-01),2021-09-14,C. Morse,예
높음,붕괴 모드 누락,285Nh,113,172,A 100%,"A 100%, SF 5%",,SF 없음,S,높음,예,,4.6 s 1.1,A=100,10,17Og01 TD,2017,D,,2017,,,SF,아니오,일괄 스냅샷(2026-10-01),2021-09-14,C. Morse,예
높음,붕괴 모드 누락,286Nh,113,173,A 100%,"A 100%, SF",,SF 없음,S,높음,예,,12 s 5,A=100,19,17Og01 TD,2017,D,,2017,,,SF,아니오,일괄 스냅샷(2026-10-01),2019-01-31,BALRAJ SINGH,아니오
높음,붕괴 모드 누락,287Mc,115,172,A 100%,"A 100%, SF 25%",,SF 없음,S,높음,예,,60 ms 30,A=100,05,17Og01 TD,2017,D,,2017,,,SF,아니오,일괄 스냅샷(2026-10-01),2021-09-14,C. Morse,예
높음,붕괴 모드 누락,289Mc,115,174,A 100%,"A 100%, SF 5%",,SF 없음,S,높음,예,,410 ms 150,A=100,10,17Og01 T,2017,D,,,,,SF,아니오,일괄 스냅샷(2026-10-01),2021-09-14,C. Morse,예
높음,붕괴 모드 누락,290Mc,115,175,A 100%,"A 100%, SF",,SF 없음,S,높음,예,,840 ms 360,A=100,19,17Og01 T,2017,D,,,,,SF,아니오,일괄 스냅샷(2026-10-01),2019-01-31,BALRAJ SINGH,아니오
높음,붕괴 모드 누락,293Ts,117,176,A 100%,"A 100%, SF 6%",,SF 없음,S,높음,예,,25 ms 6,A=100,10,17Og01 TD,2017,D,,2017,,,SF,아니오,일괄 스냅샷(2026-10-01),2021-09-14,C. Morse,예
